Jakobistr. 56c, Apt. 875, 79258, Stöwerburg, Thüringen, Germany
Feldkampstr. 27b, 0 OG, 34757, Damaskescheid, Mecklenburg-Vorpommern, Germany
Freiheitstr. 46a, 2 OG, 50275, Wesselstadt, Berlin, Germany
Pastorskamp 996, Apt. 536, 40298, Ost Karlland, Niedersachsen, Germany
Fichtenweg 63c, 9 OG, 09528, Esmaburg, Mecklenburg-Vorpommern, Germany
Rheinstr. 9, Apt. 779, 21539, West Giulianaland, Berlin, Germany
Köschenberg 93c, Apt. 779, 32116, Ahrenbergscheid, Schleswig-Holstein, Germany
Albert-Schweitzer-Str. 82a, Zimmer 764, 24640, Steffendorf, Hamburg, Germany
Altenberger Str. 108, Zimmer 085, 02747, West Nina, Saarland, Germany
Unterölbach 07c, Apt. 338, 08220, Trampelischeid, Sachsen-Anhalt, Germany
Straßburger Str. 263, 2 OG, 74739, West Maddoxstadt, Thüringen, Germany
Kamptalweg 49, 2 OG, 43368, Alt Oscarburg, Thüringen, Germany
Hermann-König-Str. 59a, Zimmer 138, 68771, Neu Mia, Berlin, Germany
An der Feldgasse 23a, Zimmer 288, 09726, Kuprionscheid, Bremen, Germany
Bodelschwinghstr. 40, 0 OG, 60946, Neu Alyssascheid, Baden-Württemberg, Germany
Elisabeth-Langgässer-Str. 17a, 7 OG, 27370, Lepthinstadt, Brandenburg, Germany
Bürgerbuschweg 04c, Apt. 158, 66454, Alt Karolina, Thüringen, Germany
Sudestr. 105, 9 OG, 48457, Delongestadt, Berlin, Germany
Käsenbrod 6, Apt. 232, 23361, Haukeland, Schleswig-Holstein, Germany
Mathildenweg 45b, 0 OG, 53981, Salowstadt, Sachsen-Anhalt, Germany
Schwalbenweg 24b, 8 OG, 17565, Bad Nevioscheid, Nordrhein-Westfalen, Germany
Allensteiner Str. 4, 7 OG, 00592, Briandorf, Hessen, Germany
Schulberg 723, Zimmer 031, 63619, Kickstadt, Hamburg, Germany
Richard-Wagner-Str. 77c, Apt. 927, 50432, Süd Markoland, Baden-Württemberg, Germany
Elisabeth-Langgässer-Str. 473, Apt. 916, 20539, Rodehaustadt, Sachsen, Germany
Max-Liebermann-Str. 60b, Zimmer 643, 82442, Metteburg, Mecklenburg-Vorpommern, Germany
Im Weidenblech 69c, Zimmer 731, 58530, Linnealand, Sachsen, Germany
Buschkämpchen 77b, Apt. 448, 41149, Patriziastadt, Berlin, Germany
Concordiastr. 60, 3 OG, 43748, Lennieburg, Bayern, Germany
Oswald-Spengler-Str. 6, 3 OG, 17555, Pohlanddorf, Brandenburg, Germany
Bamberger Str. 59b, Zimmer 116, 02672, Neu Romy, Hamburg, Germany
Regensburger Str. 15a, Zimmer 527, 12091, West Karolina, Hessen, Germany
Friesenweg 38a, 5 OG, 76125, Ost Thea, Saarland, Germany
Borussiastr. 2, Zimmer 733, 59407, Nord Rubystadt, Hessen, Germany
Waldstr. 85b, Zimmer 404, 15434, Döbelland, Brandenburg, Germany
Max-Delbrück-Str. 8, Zimmer 171, 33157, Annburg, Saarland, Germany
Amselweg 36a, 7 OG, 71315, Schönbergland, Niedersachsen, Germany
Diedenhofener Str. 74b, Apt. 394, 68627, Ost Anastasia, Schleswig-Holstein, Germany
Myliusstr. 5, Apt. 914, 38727, Köhlerdorf, Baden-Württemberg, Germany
Am Alten Schafstall 7, 0 OG, 23334, Bad Nelliland, Berlin, Germany
Fritz-Erler-Str. 37, Zimmer 892, 31522, Titusdorf, Niedersachsen, Germany
Am Sandberg 04c, 6 OG, 84178, Nord Josua, Sachsen, Germany
Ruhlachstr. 71a, 7 OG, 28469, Larissadorf, Rheinland-Pfalz, Germany
Wuppertalstr. 98c, 2 OG, 90318, Hagenburg, Bremen, Germany
Borkumstr. 827, 2 OG, 63201, Nord Jari, Schleswig-Holstein, Germany
Bahnhofstr. 122, Apt. 574, 39906, Müllerland, Baden-Württemberg, Germany
Höfer Weg 56b, 1 OG, 83508, Nord Theostadt, Sachsen, Germany
Rostocker Str. 84c, Zimmer 019, 49874, Ost Efe, Saarland, Germany
Halligstr. 25a, Apt. 520, 63488, Wünscheland, Sachsen, Germany
Albertus-Magnus-Str. 91, Apt. 841, 99271, Bad Willi, Mecklenburg-Vorpommern, Germany
Felix-von-Roll-Str. 31, Apt. 809, 31984, Ost Ömerdorf, Bremen, Germany
Bergische Landstr. 15c, Zimmer 221, 59236, Kahlesdorf, Saarland, Germany
Am Junkernkamp 04, Zimmer 486, 16423, Alt Janine, Berlin, Germany
Elisabeth-von-Thadden-Str. 88b, Apt. 874, 29299, Neu Paulastadt, Thüringen, Germany
Alte Ziegelei 2, Zimmer 127, 95951, Köhreburg, Brandenburg, Germany
Fritz-Henseler-Str. 18, Zimmer 453, 30844, Bauschkescheid, Bayern, Germany
Sperlingsweg 793, Apt. 747, 35302, Arminburg, Thüringen, Germany
Heidestr. 83a, Zimmer 423, 58294, Krauspedorf, Berlin, Germany
Niederblecher 45a, Apt. 807, 34338, Nord Fatmastadt, Rheinland-Pfalz, Germany
Dönhoffstr. 5, 8 OG, 77756, Finestadt, Sachsen-Anhalt, Germany
Netzestr. 396, Zimmer 356, 91464, West Pauline, Sachsen-Anhalt, Germany
Raushofstr. 06a, Zimmer 604, 40227, Benediktdorf, Bayern, Germany
Franz-Kail-Str. 34b, Zimmer 386, 95127, Umbachdorf, Saarland, Germany
Damaschkestr. 049, Apt. 754, 92434, Neu Carmenscheid, Schleswig-Holstein, Germany
Ewald-Röll-Str. 67, Zimmer 885, 90505, Henteldorf, Hamburg, Germany
Steglitzer Str. 18b, Apt. 726, 06479, Kaydorf, Hamburg, Germany
Händelstr. 20a, Apt. 188, 81661, Neu Sven, Schleswig-Holstein, Germany
Holzer Wiesen 077, Apt. 218, 41091, Ost Johannstadt, Sachsen, Germany
Maria-Terwiel-Str. 62c, 7 OG, 01008, Neu Taylerburg, Rheinland-Pfalz, Germany
Unter dem Schildchen 9, Apt. 525, 40491, Alt Joelle, Baden-Württemberg, Germany
Pfeilshofstr. 713, 4 OG, 15880, Ost Leon, Niedersachsen, Germany
Feldtorstr. 85c, 6 OG, 68591, Lepthinscheid, Bremen, Germany
Fontanestr. 735, 1 OG, 49965, Neu Joscha, Niedersachsen, Germany
Fortunastr. 30a, 1 OG, 92871, West Jeanburg, Hessen, Germany
Erbelegasse 8, 0 OG, 42062, Alt Marisaburg, Thüringen, Germany
Dieselstr. 11b, Apt. 983, 30944, Ost Oskar, Bremen, Germany
Van\'t-Hoff-Str. 86c, Zimmer 909, 90285, Rikedorf, Saarland, Germany
Wannseestr. 57a, 2 OG, 28384, Panzigscheid, Mecklenburg-Vorpommern, Germany
Bahnhofstr. 741, Apt. 257, 93364, Bad Laurensburg, Brandenburg, Germany
Fürstenbergstr. 183, 0 OG, 54033, Ost Catrinburg, Brandenburg, Germany
Borsigstr. 44c, 4 OG, 46133, West Felinadorf, Thüringen, Germany
Max-Liebermann-Str. 06b, 2 OG, 45781, Anggrenyscheid, Nordrhein-Westfalen, Germany
Rhein-Wupper-Platz 03a, Apt. 877, 12364, Ost Riekeland, Bayern, Germany
An St. Andreas 10b, Apt. 053, 78709, Nord Jessydorf, Berlin, Germany
Jenaer Str. 88, 7 OG, 21249, West Sandyscheid, Berlin, Germany
Libellenweg 78b, Zimmer 759, 17085, West Estelle, Bremen, Germany
Paracelsusstr. 65, Apt. 724, 03891, Marioscheid, Niedersachsen, Germany
Akazienweg 29c, 0 OG, 08744, Bilalscheid, Nordrhein-Westfalen, Germany
Johannes-Popitz-Str. 25, Zimmer 195, 02820, Hanadorf, Saarland, Germany
Thomas-Morus-Str. 09a, 3 OG, 29810, Neu Melanie, Nordrhein-Westfalen, Germany
Am Weiher 68, Zimmer 247, 08231, Nieklausonscheid, Nordrhein-Westfalen, Germany
Kunstfeldstr. 22b, Zimmer 006, 99664, Salomeland, Sachsen, Germany
Ilmstr. 99a, 5 OG, 84552, Nord Leticiascheid, Bremen, Germany
Im Rosengarten 3, Zimmer 861, 73198, Bad Devindorf, Bayern, Germany
Brucknerstr. 988, 1 OG, 63749, Rödigerdorf, Hamburg, Germany
Fortunastr. 26a, 0 OG, 46384, Köhlerland, Saarland, Germany
Behringstr. 6, Zimmer 402, 58941, Süd Juri, Baden-Württemberg, Germany
Theodor-Heuss-Ring 71c, Zimmer 046, 52421, Jasminburg, Baden-Württemberg, Germany
Friedlieb-Ferdinand-Runge-Str. 73a, 6 OG, 17033, West Finnja, Thüringen, Germany
Samlandstr. 88, Zimmer 866, 76149, Neu Levent, Sachsen, Germany
Jakob-Kaiser-Str. 49, Zimmer 660, 75493, Nord Ronburg, Nordrhein-Westfalen, Germany
Berliner Str. 76c, Apt. 888, 45675, Nord Ibrahimdorf, Nordrhein-Westfalen, Germany
An der Lehmkuhle 731, Apt. 767, 52299, West Stefan, Hamburg, Germany
Berliner Platz 58a, Apt. 699, 25216, Ost Henrikscheid, Berlin, Germany
Neustadtstr. 99a, 0 OG, 57755, Janderstadt, Hamburg, Germany
Max-Delbrück-Str. 89b, Zimmer 219, 44551, West Felicitasland, Mecklenburg-Vorpommern, Germany
In der Schaafsdellen 74c, Zimmer 025, 10761, Bad Nicolasscheid, Niedersachsen, Germany
Fortunastr. 39c, Apt. 789, 12984, Neu Renédorf, Saarland, Germany
Halligstr. 0, 0 OG, 41804, Maksimland, Schleswig-Holstein, Germany
Dudweilerstr. 426, 2 OG, 51222, Alt Levke, Saarland, Germany
Brandenburger Str. 50b, Zimmer 202, 18456, Flottmannburg, Schleswig-Holstein, Germany
Sauerbruchstr. 05a, Apt. 630, 66924, Wiebeburg, Mecklenburg-Vorpommern, Germany
Adalbertstr. 36a, Apt. 807, 74736, Henningstadt, Sachsen, Germany
Heinrich-Lübke-Str. 70, 7 OG, 75762, Vogelscheid, Nordrhein-Westfalen, Germany
Scheffershof 87, 8 OG, 48503, Aleynadorf, Nordrhein-Westfalen, Germany
Kleinheider Weg 4, Apt. 830, 56610, Meissnerdorf, Berlin, Germany
Beckers Kämpchen 14c, 3 OG, 85360, Medinascheid, Sachsen-Anhalt, Germany
Karl-Carstens-Ring 91, 4 OG, 40770, Jennaland, Thüringen, Germany
Am Gierlichshof 0, Apt. 804, 48398, Bad Mariandorf, Sachsen, Germany
Grunewaldstr. 57c, Apt. 262, 35058, Monascheid, Saarland, Germany
Bebelstr. 32b, Apt. 365, 98598, Wittichstadt, Sachsen-Anhalt, Germany
Am Thelenhof 64c, 5 OG, 54425, Arthurdorf, Mecklenburg-Vorpommern, Germany
Theodorstr. 953, 4 OG, 76310, Saschaland, Bayern, Germany
Gerhart-Hauptmann-Str. 8, Zimmer 040, 68919, Josephinescheid, Hessen, Germany
Schopenhauerstr. 70b, Zimmer 890, 64629, Nord Merlinland, Sachsen-Anhalt, Germany
Elsa-Brändström-Str. 41c, Zimmer 490, 79783, West Robert, Brandenburg, Germany
Theodor-Fliedner-Str. 09b, Apt. 965, 62731, Kirastadt, Brandenburg, Germany
Myliusstr. 39, 5 OG, 29126, Damienstadt, Schleswig-Holstein, Germany
Görresstr. 48, 3 OG, 87103, Süd Carla, Baden-Württemberg, Germany
Auf dem Forst 182, Zimmer 615, 32201, Nord Merlin, Hessen, Germany
Johannes-Dott-Str. 6, Zimmer 746, 00200, Silasscheid, Thüringen, Germany
Farnweg 95a, 3 OG, 49322, Burakstadt, Sachsen, Germany
Farnweg 62a, Zimmer 795, 22788, Neu Keremland, Mecklenburg-Vorpommern, Germany
Ottweilerstr. 68a, 4 OG, 49943, Tuanascheid, Brandenburg, Germany
Ophovener Str. 67a, Apt. 421, 22077, Amirdorf, Nordrhein-Westfalen, Germany
Höltgestal 91a, Zimmer 064, 67639, Nord Elly, Sachsen, Germany
Adalbertstr. 83, Apt. 889, 66483, West Catrinland, Niedersachsen, Germany
Friedhofstr. 49b, 2 OG, 55351, Süd Thorbenscheid, Bayern, Germany
An der Lichtenburg 89b, Apt. 945, 53924, Bad Madlen, Brandenburg, Germany
Am Silbersee 666, 0 OG, 85156, Luisadorf, Schleswig-Holstein, Germany
Fester Weg 57a, Zimmer 426, 09001, Nord Pepeland, Niedersachsen, Germany
Danziger Str. 5, Apt. 125, 83330, Schnürerscheid, Hessen, Germany
Am Junkernkamp 27b, 6 OG, 61866, Kurtscheid, Mecklenburg-Vorpommern, Germany
Käsenbrod 02c, Zimmer 832, 28887, Bad Sky, Hessen, Germany
Raushofstr. 34a, Zimmer 370, 67886, Esserdorf, Saarland, Germany
Karlstr. 36b, Zimmer 977, 30771, Nord Cedrikburg, Sachsen-Anhalt, Germany
Marienwerderstr. 248, 1 OG, 33899, Brandtland, Nordrhein-Westfalen, Germany
Lippe 44a, Apt. 872, 60846, Nord Kenandorf, Sachsen, Germany
Friesenweg 28c, 1 OG, 12351, Ost Felina, Hamburg, Germany
Schöne Aussicht 85c, Zimmer 468, 33852, Frenzeldorf, Saarland, Germany
Feldkampstr. 38b, Apt. 503, 81442, Süd Miadorf, Berlin, Germany
Alt Steinbücheler Weg 76, Apt. 420, 31970, Schwatloburg, Niedersachsen, Germany
Zehntenweg 20a, Zimmer 665, 51121, Ecrinburg, Niedersachsen, Germany
Am Hagelkreuz 40c, Zimmer 444, 95752, Alt Linnea, Rheinland-Pfalz, Germany
Hermann-Ehlers-Str. 62b, 0 OG, 30459, Taminoscheid, Brandenburg, Germany
Pappelweg 65b, Apt. 229, 16124, Anoukscheid, Baden-Württemberg, Germany
Im Grunde 845, Apt. 268, 18516, Laurensscheid, Schleswig-Holstein, Germany
Am Köttersbach 90c, Apt. 096, 56401, Bad Milan, Rheinland-Pfalz, Germany
Käsenbrod 76a, 8 OG, 95208, Amirland, Niedersachsen, Germany
Hauptstr. 09, Apt. 869, 76832, Emanueldorf, Mecklenburg-Vorpommern, Germany
Ewald-Flamme-Str. 77, 9 OG, 31526, Bad Matti, Sachsen-Anhalt, Germany
Von-Ketteler-Str. 85, Zimmer 639, 31807, Sewaldscheid, Berlin, Germany
Föhrenweg 3, 7 OG, 83222, Ost Collien, Bayern, Germany
Bertha-von-Suttner-Str. 10, Zimmer 150, 62120, Yannickscheid, Hessen, Germany
Lingenfeld 352, Zimmer 504, 65751, Nikitastadt, Sachsen, Germany
Alexanderstr. 303, Zimmer 530, 13247, Alt Tiagoland, Saarland, Germany
An der Schmitten 46a, Zimmer 590, 76497, Süd Lennburg, Berlin, Germany
Lessingstr. 04, 3 OG, 12786, Neu Aliaburg, Hessen, Germany
Stephanusstr. 73b, Apt. 151, 95078, Justusdorf, Hessen, Germany
Martin-Luther-Str. 80b, 6 OG, 28208, West Kimberly, Niedersachsen, Germany
Widdauener Str. 41c, Apt. 885, 75470, Annabelburg, Bayern, Germany
Hermann-Ehlers-Str. 86, Zimmer 879, 60375, Northoffland, Rheinland-Pfalz, Germany
Wolkenburgstr. 47c, Zimmer 632, 33306, Salomestadt, Rheinland-Pfalz, Germany
Ottostr. 93, Zimmer 465, 07365, Nord Kaischeid, Bayern, Germany
Bergische Landstr. 2, 4 OG, 17983, Jannescheid, Rheinland-Pfalz, Germany
Bracknellstr. 16b, 5 OG, 08662, West Fabien, Saarland, Germany
Fliederweg 40c, 7 OG, 50183, Bad Florian, Bayern, Germany
Lingenfeld 69b, Zimmer 895, 19454, Neu Skyland, Brandenburg, Germany
Martin-Buber-Str. 39c, Zimmer 505, 15081, Neu Luisa, Bremen, Germany
Am Hemmelrather Hof 34c, Zimmer 027, 91385, Neu Joleenstadt, Berlin, Germany
Uhlandstr. 73b, 5 OG, 69125, Bogdashinland, Hamburg, Germany
Starenweg 37c, Zimmer 718, 98318, Malinastadt, Brandenburg, Germany
Wupperstr. 947, Apt. 923, 17932, Aylinstadt, Schleswig-Holstein, Germany
Maria-Terwiel-Str. 28a, Zimmer 577, 16315, Neu Martascheid, Saarland, Germany
Fontanestr. 13b, 8 OG, 35664, Nord Jared, Thüringen, Germany
Holzer Wiesen 48b, Zimmer 011, 31189, Alidorf, Baden-Württemberg, Germany
Stefan-Zweig-Str. 02, Apt. 071, 52306, Bad Ansgarstadt, Hessen, Germany
An der Dingbank 078, Apt. 792, 22820, Neu Fine, Thüringen, Germany
Im Friedenstal 32a, Zimmer 725, 07073, Neu Yvonnestadt, Bremen, Germany
Carl-Duisberg-Str. 45b, 4 OG, 34589, Thiekestadt, Nordrhein-Westfalen, Germany
Gneisenaustr. 42, Zimmer 013, 77465, Lindenbergscheid, Mecklenburg-Vorpommern, Germany
Leipziger Str. 889, 7 OG, 94267, Süd Jasper, Mecklenburg-Vorpommern, Germany
Ankerweg 09, 9 OG, 09105, West Michel, Baden-Württemberg, Germany
Kölner Str. 8, Zimmer 694, 01138, Nord Ylvi, Saarland, Germany
Montanusstr. 2, 7 OG, 77556, Süd Jonahscheid, Bayern, Germany
Rheinallee 269, Zimmer 606, 53120, Neu Aliyaburg, Sachsen-Anhalt, Germany
Stüttekofener Str. 9, Apt. 533, 60584, Briesenickburg, Mecklenburg-Vorpommern, Germany
Siebelplatz 10b, Apt. 535, 50213, Bourrouagstadt, Sachsen-Anhalt, Germany
Schellingstr. 3, 6 OG, 00815, Süd Aliyaburg, Thüringen, Germany
Lycker Str. 0, Apt. 892, 11821, Alt Johannastadt, Baden-Württemberg, Germany
Spitzwegstr. 368, Apt. 712, 93905, Süd Elias, Bremen, Germany
Bamberger Str. 28b, Apt. 210, 89359, Mertdorf, Thüringen, Germany
Im Oberfeld 280, 3 OG, 70703, Apitzburg, Brandenburg, Germany
Franz-Marc-Str. 872, 1 OG, 59983, Neu Levin, Berlin, Germany
Am Quettinger Feld 30c, 0 OG, 77979, Kiaraland, Bayern, Germany
Philipp-Ott-Str. 741, 0 OG, 76203, Ost Lucian, Mecklenburg-Vorpommern, Germany
Adolf-Kaschny-Str. 25b, Apt. 918, 06433, Kuhleeland, Hessen, Germany
Heinrich-Strerath-Str. 24, Zimmer 700, 48515, Jessyscheid, Bremen, Germany
Max-Schönenberg-Str. 957, Apt. 350, 87897, Süd Veronikadorf, Nordrhein-Westfalen, Germany
Widdauener Str. 10c, Apt. 595, 58710, Alt Ginadorf, Mecklenburg-Vorpommern, Germany
Hermann-Ehlers-Str. 02c, Zimmer 026, 34243, Dixland, Mecklenburg-Vorpommern, Germany
Franz-Marc-Str. 4, Apt. 717, 43697, Anthonyland, Hessen, Germany
Meisenweg 39c, Apt. 181, 59146, Ost Andrew, Hessen, Germany
Oswald-Spengler-Str. 1, 3 OG, 08863, Ost Falk, Brandenburg, Germany
Meisenweg 424, Zimmer 280, 26285, Laurindorf, Baden-Württemberg, Germany
Auf den Reien 2, Zimmer 005, 05575, Alt Levindorf, Bayern, Germany
Steinbücheler Feld 86a, 3 OG, 66861, Süd Lewin, Hamburg, Germany
Haselweg 02, 4 OG, 79793, Mayaburg, Thüringen, Germany
Max-Delbrück-Str. 72c, Zimmer 771, 39818, West Finjaland, Baden-Württemberg, Germany
Käthe-Kollwitz-Str. 20c, Zimmer 266, 13654, Louisland, Nordrhein-Westfalen, Germany
Stüttekofener Str. 28c, 6 OG, 65681, Nord Paulascheid, Schleswig-Holstein, Germany
Steinbücheler Feld 72, Apt. 131, 67707, Linestadt, Rheinland-Pfalz, Germany
Dr.-August-Blank-Str. 82b, Apt. 219, 62924, Markusdorf, Bayern, Germany
Insterstr. 11a, 2 OG, 43178, Joostburg, Bremen, Germany
Gregor-Mendel-Str. 27a, Apt. 546, 46180, Elanurstadt, Hamburg, Germany
Heckenweg 49, Zimmer 633, 16742, Gabiusstadt, Sachsen-Anhalt, Germany
Hermann-Ehlers-Str. 3, Apt. 613, 62056, Jaredscheid, Schleswig-Holstein, Germany
Olof-Palme-Str. 39a, Zimmer 503, 55089, Fridaburg, Bremen, Germany
Am Kreispark 82, 2 OG, 84485, Köhlerscheid, Nordrhein-Westfalen, Germany
Löchergraben 02, 9 OG, 74788, Dascheid, Sachsen, Germany
Händelstr. 68, 5 OG, 76433, Nord Felicitas, Bayern, Germany
Oskar-Moll-Str. 0, Apt. 526, 76471, Möldnerstadt, Saarland, Germany
Dhünnstr. 62a, Apt. 976, 84857, Nord Luana, Bayern, Germany
Piet-Mondrian-Str. 18a, 1 OG, 89013, Nisastadt, Mecklenburg-Vorpommern, Germany
Tannenweg 39a, Zimmer 162, 56228, West Luzie, Schleswig-Holstein, Germany
Niederblecher 01, 3 OG, 28989, Ost Vera, Berlin, Germany
Neuendriesch 1, Zimmer 725, 03047, Sandroland, Niedersachsen, Germany
Oskar-Schlemmer-Str. 05b, 9 OG, 61866, Alt Eliasscheid, Brandenburg, Germany
Kaiser-Wilhelm-Allee 07b, Apt. 956, 10780, Laureenscheid, Berlin, Germany
Morsbroicher Str. 1, 3 OG, 62124, Aleaburg, Hamburg, Germany
Havensteinstr. 5, Apt. 597, 27602, Krebscheid, Rheinland-Pfalz, Germany
Am Kiesberg 58b, Zimmer 620, 18994, Bad Lorenzland, Hessen, Germany
Birkenweg 35a, Zimmer 666, 65219, Joschualand, Thüringen, Germany
Apenrader Str. 205, Zimmer 595, 01090, West Korayland, Hamburg, Germany
Otto-Wels-Str. 3, 3 OG, 96629, Josephscheid, Schleswig-Holstein, Germany
Theodor-Storm-Str. 74c, Zimmer 397, 13766, Timoburg, Schleswig-Holstein, Germany
Karl-Jaspers-Str. 60, Apt. 895, 57680, Melinadorf, Niedersachsen, Germany
Saalestr. 22c, 5 OG, 03774, Neu Madlen, Bremen, Germany
Elsterstr. 8, 2 OG, 51292, Ost Arneburg, Sachsen, Germany
Wilhelm-Liebknecht-Str. 787, Zimmer 977, 86804, Krohnscheid, Schleswig-Holstein, Germany
Hans-Arp-Str. 61a, 9 OG, 67677, West Jonascheid, Brandenburg, Germany
Moltkestr. 08, 4 OG, 10528, Lakomyscheid, Bayern, Germany
Max-Pechstein-Str. 639, Apt. 286, 04026, Schuhajscheid, Rheinland-Pfalz, Germany
Kantstr. 51a, 7 OG, 25799, Hesseburg, Berlin, Germany
Dhünnberg 15, Zimmer 304, 93580, Tepperscheid, Rheinland-Pfalz, Germany
Weinhäuser Str. 58a, 6 OG, 35384, Reusscheid, Nordrhein-Westfalen, Germany
Beerenstr. 9, Apt. 984, 83906, Charlottadorf, Mecklenburg-Vorpommern, Germany
Am Vogelsang 84a, Zimmer 183, 40520, Alt Jessicaland, Hessen, Germany
Schlangenhecke 63c, Apt. 157, 21495, Wilhelmstadt, Sachsen, Germany
Pützdelle 8, Zimmer 002, 23514, Alt Charlotte, Schleswig-Holstein, Germany
Gregor-Mendel-Str. 74b, Zimmer 571, 59717, Livburg, Berlin, Germany
Neustadtstr. 989, Zimmer 389, 35043, Umbachscheid, Nordrhein-Westfalen, Germany
Bracknellstr. 86a, 8 OG, 80589, Alexiadorf, Hessen, Germany
Kaiserplatz 089, 7 OG, 29397, Welschscheid, Sachsen-Anhalt, Germany
Auf dem Blahnenhof 11b, Apt. 522, 33630, West Sandra, Bremen, Germany
Friedrich-Weskott-Str. 01b, 5 OG, 13262, Skyscheid, Saarland, Germany
Van\'t-Hoff-Str. 63a, 9 OG, 66413, Daudrichscheid, Brandenburg, Germany
Adolf-Baeyer-Str. 734, Apt. 534, 23581, Ost Annemarieburg, Bremen, Germany
Am Kemperstiegel 8, 6 OG, 65958, Heckland, Sachsen-Anhalt, Germany
Breslauer Str. 3, Apt. 816, 16403, West Tiascheid, Saarland, Germany
Max-Scheler-Str. 510, Apt. 945, 69667, Bad Finleyscheid, Berlin, Germany
Behringstr. 92a, 3 OG, 25474, West Cecilestadt, Sachsen-Anhalt, Germany
Obere Str. 80, 5 OG, 42828, Neu Johannascheid, Hamburg, Germany
Bracknellstr. 44a, 9 OG, 24368, Ost Friedaland, Bayern, Germany
Weinhäuser Str. 98, 7 OG, 96991, West Pascalburg, Bremen, Germany
Steinbücheler Feld 4, 9 OG, 94054, Tuschmoland, Mecklenburg-Vorpommern, Germany
Potsdamer Str. 72, 2 OG, 73121, Nord Amy, Hessen, Germany
In Holzhausen 43c, Apt. 883, 72814, Süd Youssef, Mecklenburg-Vorpommern, Germany
Friedrich-List-Str. 21b, Apt. 172, 23839, Neu Mira, Bremen, Germany
Steinstr. 85, Apt. 135, 03911, Ost Leonadorf, Brandenburg, Germany
Theodor-Adorno-Str. 7, Apt. 632, 88142, Alt Deniseburg, Berlin, Germany
Philipp-Ott-Str. 6, Zimmer 298, 60617, Sandyburg, Niedersachsen, Germany
Fixheider Str. 232, Apt. 853, 72056, Ayseburg, Sachsen-Anhalt, Germany
Sporrenberger Mühle 8, 0 OG, 49444, Alt Valentinland, Hamburg, Germany
Dürerstr. 659, Apt. 908, 77003, Sischkastadt, Saarland, Germany
Robert-Blum-Str. 10c, Zimmer 347, 34149, Neu Lenascheid, Sachsen, Germany
Am Arenzberg 44a, Zimmer 328, 49678, Süd Milenastadt, Hessen, Germany
Kaiser-Wilhelm-Allee 54, 1 OG, 23668, Carlottascheid, Schleswig-Holstein, Germany
Rüttersweg 05c, Zimmer 490, 92425, Matthesdorf, Mecklenburg-Vorpommern, Germany
Treptower Str. 43, Zimmer 719, 40126, Ost Pietburg, Sachsen, Germany
Am Benthal 5, 0 OG, 53588, Kathrindorf, Berlin, Germany
Schwalbenweg 855, Apt. 702, 24348, Maxineburg, Hamburg, Germany
Jakobistr. 45a, Apt. 232, 29051, Heinigdorf, Thüringen, Germany
Dechant-Krey-Str. 2, 7 OG, 11094, Nord Batuhanscheid, Sachsen-Anhalt, Germany
Baumberger Str. 38, 8 OG, 40115, Ost Melindastadt, Mecklenburg-Vorpommern, Germany
Schumannstr. 47a, Zimmer 981, 03168, Bad Niclasscheid, Bremen, Germany
Friedrich-Bayer-Str. 805, 8 OG, 06273, Süd Klara, Schleswig-Holstein, Germany
Dürerstr. 947, 3 OG, 38612, Lilydorf, Rheinland-Pfalz, Germany
Hütte 40c, 4 OG, 38863, Sammertdorf, Sachsen-Anhalt, Germany
Düsseldorfer Str. 61a, Apt. 303, 53598, Reichlingscheid, Sachsen, Germany
Mühlenweg 44c, Apt. 582, 02418, Amyburg, Rheinland-Pfalz, Germany
Dillinger Str. 05c, Zimmer 535, 47711, West Marian, Nordrhein-Westfalen, Germany
Dieselstr. 18a, 9 OG, 41495, Süd Henriland, Baden-Württemberg, Germany
Am Heidkamp 714, Zimmer 764, 44314, Streckland, Sachsen, Germany
Ackerweg 23a, 6 OG, 83643, Meierburg, Schleswig-Holstein, Germany
Rennbaumstr. 77, 7 OG, 52045, Süd Noraland, Bremen, Germany
Niederfeldstr. 28a, Zimmer 011, 31238, Bad Oskar, Saarland, Germany
Grunder Wiesen 72b, 1 OG, 87732, Neledorf, Niedersachsen, Germany
An St. Remigius 29b, Zimmer 048, 43036, Joelinedorf, Rheinland-Pfalz, Germany
Ferdinand-Lassalle-Str. 805, Zimmer 650, 19430, Bad Louisscheid, Sachsen, Germany
Benzstr. 529, Apt. 767, 07808, Neu Carolinastadt, Rheinland-Pfalz, Germany
Thomas-von-Aquin-Str. 8, Zimmer 739, 14460, Stiefland, Sachsen, Germany
Julius-Doms-Str. 25c, Apt. 787, 95421, Jolinaland, Thüringen, Germany
Schlebuscher Heide 4, Apt. 215, 38975, Jessland, Schleswig-Holstein, Germany
Hohe Str. 7, Zimmer 244, 27127, Ost Janne, Rheinland-Pfalz, Germany
Wilhelmsgasse 94a, 2 OG, 70548, Zümsandeland, Thüringen, Germany
Kochergarten 07a, Zimmer 269, 54766, Amandascheid, Sachsen-Anhalt, Germany
Friedrich-Sertürner-Str. 2, Apt. 677, 73229, Neu Sven, Berlin, Germany
Espenweg 38a, 1 OG, 89626, West Fabienne, Nordrhein-Westfalen, Germany
Marie-Schlei-Str. 87b, Apt. 374, 93231, Schielkescheid, Berlin, Germany
Schleiermacherstr. 05b, Zimmer 255, 81604, Oliverdorf, Brandenburg, Germany
Adalbert-Stifter-Str. 180, 1 OG, 47259, Alt Sorayaland, Mecklenburg-Vorpommern, Germany
Ratherkämp 429, 1 OG, 26778, Ost Thaliastadt, Nordrhein-Westfalen, Germany
Jüch 6, 9 OG, 36632, West Madita, Sachsen-Anhalt, Germany
Theodor-Adorno-Str. 3, Apt. 578, 18243, Alt Jasonburg, Mecklenburg-Vorpommern, Germany
Am Klösterchen 18c, Zimmer 913, 38574, Neu Michelleburg, Bremen, Germany
Roonstr. 89a, Zimmer 628, 05848, Andreastadt, Berlin, Germany
Telegrafenstr. 956, Apt. 957, 65361, West Bernddorf, Hessen, Germany
Alte Landstr. 297, 0 OG, 24659, Bad Freya, Sachsen-Anhalt, Germany
Euckenstr. 01c, Zimmer 688, 42899, Kurratscheid, Mecklenburg-Vorpommern, Germany
Florastr. 46, Zimmer 169, 34412, Neyburg, Rheinland-Pfalz, Germany
An den Irlen 68c, 7 OG, 26106, West Sven, Berlin, Germany
Kleinheider Weg 095, Apt. 449, 37589, Alt Moritzland, Hessen, Germany
Weiherstr. 963, Zimmer 096, 61763, Nord Lianstadt, Sachsen, Germany
Samlandstr. 48b, Zimmer 250, 67254, Ost Juliana, Thüringen, Germany
Jakob-Kaiser-Str. 82c, Zimmer 735, 48911, Ost Jona, Mecklenburg-Vorpommern, Germany
Ferdinand-Lassalle-Str. 97, Zimmer 358, 52187, Idadorf, Niedersachsen, Germany
Bielertstr. 81a, 4 OG, 70716, Alt Konstantin, Bremen, Germany
Schäfershütte 83c, Apt. 746, 59151, Norascheid, Nordrhein-Westfalen, Germany
Winand-Rossi-Str. 15, Apt. 861, 19617, Ost Friedaburg, Niedersachsen, Germany
Am Borsberg 96a, Zimmer 827, 55489, Bad Leonard, Thüringen, Germany
Hitdorfer Kirchweg 58a, Zimmer 005, 42445, Bad Thies, Bayern, Germany
Alter Grenzweg 20b, Apt. 632, 53649, Ost Adriana, Sachsen-Anhalt, Germany
Günther-Weisenborn-Str. 98b, Zimmer 665, 72075, Doskoczynskischeid, Berlin, Germany
Unterölbach 33a, Zimmer 405, 11372, Nikadorf, Rheinland-Pfalz, Germany
Friesenweg 933, Apt. 216, 64166, Ost Ina, Thüringen, Germany
Albrecht-Haushofer-Str. 08a, Apt. 164, 33419, Luanascheid, Berlin, Germany
Brüder-Bonhoeffer-Str. 21c, 8 OG, 10723, Ost Joleen, Saarland, Germany
Ottostr. 2, Apt. 495, 45495, Kofferschlagerland, Baden-Württemberg, Germany
Hufelandstr. 439, 5 OG, 67103, Alt Mehmetscheid, Mecklenburg-Vorpommern, Germany
Leineweberstr. 850, Zimmer 901, 80702, Alt Abbyscheid, Schleswig-Holstein, Germany
Wilhelmsgasse 5, Zimmer 372, 70776, Alt Greta, Saarland, Germany
Auf der Ohmer 20, Zimmer 238, 63072, Neu Anoukstadt, Bremen, Germany
Im Bühl 92c, 3 OG, 29561, Ost Florentinescheid, Sachsen, Germany
Löwenburgstr. 76b, 8 OG, 68513, Maxistadt, Brandenburg, Germany
St. Ingberter Str. 373, Zimmer 960, 65101, Süd Yvenstadt, Saarland, Germany
Otto-Wels-Str. 2, 9 OG, 15265, Nöhburg, Berlin, Germany
Jakob-Kaiser-Str. 5, 8 OG, 69290, Süd Zehra, Rheinland-Pfalz, Germany
Sürderstr. 50b, Apt. 433, 54305, West Lennard, Niedersachsen, Germany
Borsigstr. 46c, 2 OG, 79284, Nord Xenia, Thüringen, Germany
Karl-Wingchen-Str. 5, Zimmer 211, 71699, Antoniaburg, Sachsen-Anhalt, Germany
Winand-Rossi-Str. 57c, 1 OG, 44795, Fellerstadt, Bremen, Germany
Heinrich-Hörlein-Str. 400, Apt. 048, 77509, Senaland, Brandenburg, Germany
Fürstenbergplatz 44c, Zimmer 361, 16079, Alt Milena, Niedersachsen, Germany
Kämpchenstr. 87, Apt. 738, 14450, Bad Anthonystadt, Bremen, Germany
Fixheider Str. 540, 3 OG, 12120, Bad Mattes, Schleswig-Holstein, Germany
Parkstr. 420, Zimmer 349, 40818, Ost Jimstadt, Hessen, Germany
Feldkampstr. 58c, Apt. 902, 59195, Bad Alidorf, Rheinland-Pfalz, Germany
Am Scherfenbrand 13, Apt. 551, 66206, Ricardoscheid, Rheinland-Pfalz, Germany
Espenweg 85, 2 OG, 09552, Simeonland, Baden-Württemberg, Germany
Erftstr. 77, 6 OG, 84042, Süd Svealand, Niedersachsen, Germany
Münsters Gäßchen 90a, Apt. 448, 05453, Alt Marleneland, Niedersachsen, Germany
Diedenhofener Str. 2, 2 OG, 98087, Jahnstadt, Nordrhein-Westfalen, Germany
August-Kekulé-Str. 70a, Zimmer 494, 40361, Ost Gino, Niedersachsen, Germany
Felderstr. 7, Apt. 431, 09014, Maxinestadt, Sachsen-Anhalt, Germany
Damaschkestr. 5, Apt. 232, 29618, Neu Enricodorf, Rheinland-Pfalz, Germany
Schillerstr. 6, 8 OG, 07598, Alexastadt, Brandenburg, Germany
Poststr. 4, Apt. 975, 10070, Neu Markus, Baden-Württemberg, Germany
Hubertusweg 39b, Apt. 811, 57917, Jennascheid, Berlin, Germany
Domblick 56a, Zimmer 954, 02156, Nord Kathrinland, Saarland, Germany
Zur alten Fabrik 520, Apt. 494, 98893, West Andrew, Bayern, Germany
Kerschensteinerstr. 0, Zimmer 794, 99985, Nord Tristanscheid, Brandenburg, Germany
Behringstr. 01b, Apt. 301, 41912, Ost Nikita, Bremen, Germany
Karl-Wingchen-Str. 69, 8 OG, 42988, Bad Milastadt, Thüringen, Germany
Am Höllers Eck 713, 2 OG, 52455, Süd Domenik, Thüringen, Germany
Linienstr. 922, Apt. 794, 49113, Dolchland, Hessen, Germany
Daimlerstr. 286, Zimmer 225, 68026, West Maditaland, Niedersachsen, Germany
Eulenkamp 55c, Zimmer 266, 90342, Nilaburg, Baden-Württemberg, Germany
Prießnitzstr. 43a, Apt. 863, 03188, West Milostadt, Mecklenburg-Vorpommern, Germany
Stüttekofener Str. 651, 9 OG, 75725, Nord Selinastadt, Saarland, Germany
Tempelhofer Str. 8, Apt. 046, 03402, Bad Lars, Rheinland-Pfalz, Germany
Otto-Varnhagen-Str. 99b, 1 OG, 24309, Süd Carmenstadt, Baden-Württemberg, Germany
Samlandstr. 53b, 9 OG, 57727, Bad Lana, Bayern, Germany
Weißenseestr. 74, Zimmer 206, 46531, Schönlebestadt, Bayern, Germany
Marktplatz 549, 1 OG, 00456, Gratzkystadt, Hamburg, Germany
Feuerbachstr. 4, Apt. 335, 98788, West Joelinestadt, Schleswig-Holstein, Germany
Johannes-Dott-Str. 2, 5 OG, 76564, Leiboldland, Mecklenburg-Vorpommern, Germany
Otto-Dix-Str. 021, Zimmer 934, 38681, Ost Josephine, Mecklenburg-Vorpommern, Germany
Fester Weg 10b, Apt. 387, 35540, Zimanyiburg, Saarland, Germany
Otto-Varnhagen-Str. 2, Zimmer 805, 57270, Zuberstadt, Mecklenburg-Vorpommern, Germany
Straßburger Str. 578, 9 OG, 88555, Behrenbruchdorf, Sachsen, Germany
Ulrichstr. 238, 5 OG, 14456, Ottoburg, Hamburg, Germany
Pfarrer-Jekel-Str. 29b, 6 OG, 14495, Neu Leonora, Rheinland-Pfalz, Germany
Driescher Hecke 01a, Zimmer 328, 02417, Burakland, Brandenburg, Germany
Wilhelm-Liebknecht-Str. 30b, Zimmer 259, 08899, Schuffstadt, Berlin, Germany
Theodor-Adorno-Str. 45a, 9 OG, 97774, Münchburg, Hamburg, Germany
Talstr. 47b, Zimmer 246, 19673, Süd Murat, Niedersachsen, Germany
Im Dorf 53c, 3 OG, 94197, Ost Mircoscheid, Baden-Württemberg, Germany
Wannseestr. 48b, Apt. 189, 80801, West Okescheid, Sachsen, Germany
Hütte 799, Apt. 858, 55972, West Lilithstadt, Sachsen-Anhalt, Germany
Schlebuschrath 86a, Zimmer 992, 67295, Neu Sonjastadt, Berlin, Germany
Berliner Platz 23c, 9 OG, 73117, Süd Finnleydorf, Mecklenburg-Vorpommern, Germany
Eulengasse 4, 0 OG, 21641, Alt Tomke, Thüringen, Germany
Schenkendorfstr. 889, Apt. 458, 21765, Süd Selinadorf, Sachsen, Germany
Driescher Hecke 913, Zimmer 596, 45782, Nord Lucastadt, Hamburg, Germany
Alte Landstr. 41, 5 OG, 49118, Nord Dilaradorf, Mecklenburg-Vorpommern, Germany
Karl-Friedrich-Goerdeler-Str. 75b, 7 OG, 30931, Dorianburg, Bremen, Germany
Maria-Dresen-Str. 01b, Apt. 138, 75409, Ost Timstadt, Bremen, Germany
Am Thelenhof 16a, 4 OG, 09030, Steinertburg, Brandenburg, Germany
Diepental 62, Apt. 944, 33188, Tessastadt, Sachsen-Anhalt, Germany
Schubertstr. 5, Zimmer 952, 35152, Lorenzostadt, Berlin, Germany
Rennbaumplatz 906, 9 OG, 97873, West Ginostadt, Sachsen-Anhalt, Germany
Fontanestr. 41, 5 OG, 19929, Lunaburg, Sachsen, Germany
Am Köttersbach 50c, Zimmer 530, 24006, West Hussein, Rheinland-Pfalz, Germany
Heinrich-Strerath-Str. 44a, 2 OG, 06453, Bad Andreas, Schleswig-Holstein, Germany
Diepenthaler Str. 421, Apt. 265, 58271, Seeligland, Berlin, Germany
Freudenthal 69, 1 OG, 79036, Mertburg, Berlin, Germany
Erich-Heckel-Str. 16, Apt. 331, 77542, Timmermannburg, Berlin, Germany
Stüttekofener Str. 50, Apt. 982, 23118, Meikland, Nordrhein-Westfalen, Germany
Beerenstr. 00c, 7 OG, 88358, West Leylascheid, Bayern, Germany
Auf dem Lehn 69, 6 OG, 54112, Hackbuschland, Thüringen, Germany
Röntgenstr. 16a, Apt. 773, 23411, Heiserscheid, Bremen, Germany
Insterstr. 9, 7 OG, 63554, Stiefburg, Baden-Württemberg, Germany
Gustav-Heinemann-Str. 88a, Apt. 004, 81676, Kuhleedorf, Hamburg, Germany
An der Robertsburg 48c, Apt. 578, 39885, Madleenstadt, Thüringen, Germany
Birkengartenstr. 09a, Zimmer 825, 19727, Baumannscheid, Bayern, Germany
Jacob-Fröhlen-Str. 6, Zimmer 387, 71346, Ost Fabio, Sachsen-Anhalt, Germany
Görresstr. 925, 3 OG, 21373, Nikoscheid, Brandenburg, Germany
Oberölbach 45b, Zimmer 074, 97863, Ansgarscheid, Sachsen, Germany
Am Birkenberg 55c, 5 OG, 74341, Kressedorf, Rheinland-Pfalz, Germany
Dresdener Str. 01, Zimmer 660, 27670, Bad Rick, Thüringen, Germany
Max-Pechstein-Str. 52, Apt. 967, 26719, Mareikestadt, Baden-Württemberg, Germany
Rennbaumplatz 26a, 7 OG, 71621, West Josephdorf, Mecklenburg-Vorpommern, Germany
Freiherr-vom-Stein-Str. 77a, 0 OG, 48496, Naubertscheid, Hamburg, Germany
Von-Eichendorff-Str. 54, 9 OG, 13703, Lenniescheid, Brandenburg, Germany
Dhünnstr. 75c, Apt. 331, 30944, Nord Mailinstadt, Sachsen, Germany
Pregelstr. 10b, Apt. 045, 73234, West Salihland, Saarland, Germany
Von-Brentano-Str. 48b, Apt. 193, 94005, Neu Valerieland, Berlin, Germany
Friedlandstr. 04c, Apt. 058, 77910, Süd Mara, Schleswig-Holstein, Germany
Köpenicker Str. 580, Apt. 035, 68132, Alt Logan, Saarland, Germany
Miselohestr. 42, Apt. 906, 91704, Süd Madleen, Bayern, Germany
Damaschkestr. 82c, Apt. 985, 86624, Josefscheid, Mecklenburg-Vorpommern, Germany
Bogenstr. 1, Apt. 410, 17451, Markostadt, Bremen, Germany
Imbach 38, Zimmer 885, 37428, Stoutjesdijkburg, Schleswig-Holstein, Germany
Max-Horkheimer-Str. 59a, 9 OG, 18806, Nord Mario, Baden-Württemberg, Germany
Max-Ernst-Str. 3, Zimmer 598, 24334, Schuermannland, Berlin, Germany
Höhenstr. 35, Zimmer 577, 36899, Tjarkscheid, Hamburg, Germany
Treuburger Str. 5, Apt. 883, 86177, Amirland, Thüringen, Germany
Overfeldweg 9, Zimmer 893, 00919, Schobergdorf, Saarland, Germany
Wilhelm-Liebknecht-Str. 41b, Zimmer 749, 43758, Emelystadt, Hessen, Germany
Hufelandstr. 30a, Apt. 920, 12009, Pauknerstadt, Sachsen-Anhalt, Germany
Münzstr. 30b, 5 OG, 28117, Ost Amirastadt, Mecklenburg-Vorpommern, Germany
Max-Ernst-Str. 0, 3 OG, 05462, Alt Alandorf, Hessen, Germany
Am Scherfenbrand 05, Apt. 381, 70734, Ost Eliah, Sachsen, Germany
Umlag 9, Zimmer 622, 99158, Neimkeburg, Rheinland-Pfalz, Germany
Heinrich-Böll-Str. 81, Apt. 327, 17416, Mildeland, Thüringen, Germany
Schubertplatz 7, 2 OG, 12624, Neu Joelle, Bayern, Germany
Humboldtstr. 112, Zimmer 100, 05523, Nord Maksimdorf, Niedersachsen, Germany
Paul-Löbe-Str. 3, 8 OG, 96168, Alt Stephanscheid, Brandenburg, Germany
Friedenberger Str. 79a, 8 OG, 70585, Nord Phoebescheid, Hessen, Germany
Brandenburger Str. 21, Zimmer 587, 36493, Alt Benland, Brandenburg, Germany
Aldegundisstr. 969, Apt. 865, 25849, Nord Janinescheid, Baden-Württemberg, Germany
Pfeilshofstr. 85, Apt. 612, 29309, Alt Philland, Thüringen, Germany
An den Rheinauen 739, Zimmer 917, 97433, Alt Miloscheid, Rheinland-Pfalz, Germany
Am Scherfenbrand 117, 5 OG, 19015, Süd Berkay, Bayern, Germany
Im Friedenstal 42b, Zimmer 460, 05492, Nord Yannicdorf, Bayern, Germany
Poststr. 423, Apt. 077, 01511, Neu Alexiadorf, Mecklenburg-Vorpommern, Germany
Leipziger Str. 90a, 0 OG, 37663, Nord Berkay, Rheinland-Pfalz, Germany
Theodor-Haubach-Str. 12, 5 OG, 41210, Kleinstadt, Baden-Württemberg, Germany
Rennbaumstr. 3, Apt. 940, 03839, Ricoland, Rheinland-Pfalz, Germany
Ulrichstr. 12a, 7 OG, 18914, Wiegelmannstadt, Brandenburg, Germany
Kinderhausen 17c, Apt. 309, 19133, Amarstadt, Sachsen-Anhalt, Germany
Manforter Str. 16a, 6 OG, 97431, Olbrichland, Niedersachsen, Germany
Liebigstr. 74, Zimmer 982, 96723, Süd Maryscheid, Hessen, Germany
Martin-Buber-Str. 30, 0 OG, 31379, Clarascheid, Mecklenburg-Vorpommern, Germany
Rudolf-Breitscheid-Str. 00b, 4 OG, 80386, Jillstadt, Brandenburg, Germany
Maashofstr. 7, Apt. 680, 65343, Schonbergdorf, Brandenburg, Germany
Karl-Ulitzka-Str. 46b, Apt. 167, 88334, Nord Björnscheid, Berlin, Germany
Overfeldweg 82b, 3 OG, 58548, Esmascheid, Rheinland-Pfalz, Germany
Stephan-Lochner-Str. 95a, Zimmer 020, 66800, Nancystadt, Sachsen-Anhalt, Germany
Jacob-Fröhlen-Str. 74, Apt. 793, 78607, Klapperburg, Baden-Württemberg, Germany
Mühlenweg 37a, Apt. 375, 39702, Neu Nelly, Brandenburg, Germany
Händelstr. 66c, Zimmer 287, 67090, Elianadorf, Sachsen, Germany
Faßbacher Hof 23a, Apt. 928, 59067, Haukedorf, Hessen, Germany
Am Hohen Ufer 13b, Apt. 972, 07818, Süd Berndland, Hessen, Germany
Kump 496, Zimmer 119, 16384, Neu Robert, Saarland, Germany
Höfer Weg 91, 6 OG, 79882, West Klemens, Nordrhein-Westfalen, Germany
Martin-Buber-Str. 49c, Zimmer 712, 99487, Jankeland, Rheinland-Pfalz, Germany
Moltkestr. 21a, Zimmer 500, 86455, Lewisburg, Thüringen, Germany
Am Graben 87, Apt. 927, 21465, Neu Leescheid, Berlin, Germany
Maurinusstr. 06, Zimmer 347, 88587, Neu Justin, Hamburg, Germany
Havelstr. 231, 1 OG, 99551, Hohnland, Saarland, Germany
Hannah-Höch-Str. 251, Apt. 881, 37837, Görmerstadt, Sachsen, Germany
August-Kekulé-Str. 53a, 6 OG, 13467, Leitheimstadt, Mecklenburg-Vorpommern, Germany
Odenthaler Str. 14, Zimmer 205, 39162, West Sandraland, Sachsen-Anhalt, Germany
Waldstr. 6, Apt. 470, 89122, Neu Svenjaland, Nordrhein-Westfalen, Germany
Mendelssohnstr. 45c, 0 OG, 67270, West Ylvi, Hessen, Germany
Scheidemannstr. 08b, Apt. 054, 31180, West Giulianadorf, Saarland, Germany
Am Vogelsang 086, 2 OG, 63371, Nord Tyronscheid, Hamburg, Germany
Am Hagelkreuz 03c, 1 OG, 86192, Neu Josystadt, Hamburg, Germany
Adolf-Kaschny-Str. 78b, 5 OG, 46558, Maryscheid, Berlin, Germany
Röntgenstr. 85b, Apt. 345, 13010, Alt Jayscheid, Bayern, Germany
Am Gesundheitspark 16a, Zimmer 765, 29459, Lilithscheid, Hamburg, Germany
Kochergarten 48b, Zimmer 557, 29757, Neu Lio, Saarland, Germany
Erfurter Str. 26b, Zimmer 844, 94402, Nord Thalea, Saarland, Germany
Bertha-von-Suttner-Str. 06a, 7 OG, 68680, Jasperstadt, Sachsen-Anhalt, Germany
Golo-Mann-Str. 08c, Zimmer 344, 81560, Alt Nathanael, Hessen, Germany
Auf dem Stein 56b, Zimmer 787, 35939, Petzolddorf, Hessen, Germany
Beethovenstr. 3, Apt. 180, 35771, Franzstadt, Thüringen, Germany
Raushofstr. 621, Zimmer 586, 18706, Knobelburg, Berlin, Germany
Grüner Weg 6, 3 OG, 19848, Ost Jasmin, Sachsen, Germany
Am Arenzberg 323, Apt. 166, 26352, Laurenzburg, Bremen, Germany
Haus-Vorster-Str. 56a, Apt. 847, 77145, Koniecznystadt, Nordrhein-Westfalen, Germany
Mülhausener Str. 061, 9 OG, 70684, Alt Taylordorf, Niedersachsen, Germany
Beerenstr. 42, Apt. 923, 28055, Janeland, Brandenburg, Germany
In den Blechenhöfen 930, 0 OG, 37384, Molitorland, Nordrhein-Westfalen, Germany
Raushofstr. 336, Apt. 490, 07831, Bad Normanstadt, Sachsen-Anhalt, Germany
Otto-Dix-Str. 88a, Zimmer 810, 01786, Neu Giuliaburg, Hessen, Germany
Am Gierlichshof 54a, 4 OG, 75181, Ost Evelinadorf, Schleswig-Holstein, Germany
Hermann-Ehlers-Str. 0, Apt. 835, 63475, Tomkestadt, Sachsen-Anhalt, Germany
Friedrich-Ebert-Platz 80c, 2 OG, 62256, Ost Juliusscheid, Schleswig-Holstein, Germany
Grundermühlenhof 2, Zimmer 242, 14436, Ost Giulianaburg, Bremen, Germany
Amselweg 70b, 4 OG, 70895, Tahastadt, Mecklenburg-Vorpommern, Germany
Am Weidenbusch 65a, Zimmer 437, 49051, Schönlebedorf, Nordrhein-Westfalen, Germany
Am Kronefeld 84c, 0 OG, 89992, Josystadt, Schleswig-Holstein, Germany
Reusrather Str. 93a, 0 OG, 09146, Elianaburg, Sachsen-Anhalt, Germany
Johannes-Wislicenus-Str. 30, 4 OG, 64081, Neu Leniland, Berlin, Germany
Im Buchenhain 06b, Apt. 582, 79116, Alt Nikedorf, Thüringen, Germany
Im Kirchfeld 15, Zimmer 692, 82771, Nord Janindorf, Hessen, Germany
Am Sandberg 42b, Zimmer 592, 53260, Kleebergburg, Brandenburg, Germany
Domblick 66b, Zimmer 640, 19689, Mailinstadt, Hamburg, Germany
Pestalozzistr. 9, Zimmer 114, 19023, Ost Finnland, Bayern, Germany
Umlag 860, Zimmer 929, 08836, Nord Diego, Sachsen-Anhalt, Germany
Käthe-Kollwitz-Str. 05, Zimmer 825, 98945, Weisburg, Thüringen, Germany
Uhlandstr. 901, 7 OG, 02464, West Medinestadt, Nordrhein-Westfalen, Germany
Konrad-Adenauer-Platz 13b, Zimmer 325, 51718, West Adriano, Sachsen-Anhalt, Germany
Am Frankenberg 57a, Apt. 831, 36845, Eddiland, Hessen, Germany
Martin-Luther-Str. 0, 4 OG, 74785, Matternburg, Brandenburg, Germany
Schulstr. 91b, Zimmer 985, 71498, Ost Salome, Baden-Württemberg, Germany
Wittenbergstr. 59c, 2 OG, 34808, West Batuhanstadt, Hessen, Germany
Bodestr. 84b, 9 OG, 96623, Nathanburg, Schleswig-Holstein, Germany
Walter-Flex-Str. 0, Apt. 231, 11262, West Peer, Baden-Württemberg, Germany
Dhünnstr. 097, 4 OG, 23702, Hartmannburg, Sachsen-Anhalt, Germany
Im Weidenblech 7, Zimmer 788, 16527, Friedenbergland, Hamburg, Germany
Eschenweg 677, Apt. 040, 18658, Anniland, Nordrhein-Westfalen, Germany
Billrothstr. 81c, Zimmer 871, 15073, Bad Josephinestadt, Rheinland-Pfalz, Germany
Windthorststr. 60, Zimmer 376, 22965, Alt Anastasia, Nordrhein-Westfalen, Germany
Saarlauterner Str. 20b, Apt. 770, 90838, Zeyendorf, Sachsen, Germany
Esmarchstr. 73c, Apt. 297, 92613, Patriceburg, Berlin, Germany
Wilhelmstr. 89, Zimmer 351, 97005, Aliyaland, Hessen, Germany
Händelstr. 30a, Zimmer 776, 48514, Alt Adrianstadt, Bayern, Germany
Quarzstr. 476, Zimmer 898, 81298, Samland, Saarland, Germany
Johannes-Wislicenus-Str. 32, 3 OG, 91963, Leiboldscheid, Hessen, Germany
Eichenkamp 199, 8 OG, 40143, Nord Victor, Mecklenburg-Vorpommern, Germany
Pützdelle 77c, Apt. 097, 28259, Alanascheid, Sachsen, Germany
Johannes-Dott-Str. 76a, 9 OG, 76167, Marxenburg, Hamburg, Germany
An der Schmitten 55c, 4 OG, 75251, Grosskopfland, Hamburg, Germany
In der Wüste 58a, Apt. 737, 08471, Geyerdorf, Nordrhein-Westfalen, Germany
Montanusstr. 91, Zimmer 630, 55785, Süd Pascaldorf, Thüringen, Germany
Johannes-Wislicenus-Str. 50c, Apt. 479, 19692, West Constantin, Baden-Württemberg, Germany
Butterheider Str. 69a, Zimmer 960, 03934, Kohaland, Nordrhein-Westfalen, Germany
Peterstr. 181, Apt. 158, 15882, Alt Merlestadt, Berlin, Germany
Legienstr. 65b, 5 OG, 20053, Süd Lisaland, Berlin, Germany
Edelrather Weg 0, 1 OG, 34272, Neu Clemensstadt, Berlin, Germany
Eichenweg 18a, Apt. 160, 16366, Bad Kassandra, Bayern, Germany
Adolf-Baeyer-Str. 75b, Zimmer 297, 77970, Alt Bryanburg, Bremen, Germany
Fester Weg 20b, Zimmer 415, 45748, Jetteland, Bremen, Germany
Kanalstr. 82c, Apt. 502, 65236, Nord Lindsaystadt, Hessen, Germany
Arnold-Ohletz-Str. 74, Zimmer 542, 51449, Neu Lorisburg, Niedersachsen, Germany
Bamberger Str. 3, Zimmer 009, 91897, Bad Jaden, Rheinland-Pfalz, Germany
Zehntenweg 55b, Apt. 682, 08584, Bad Corinnadorf, Hamburg, Germany
Winterberg 10b, Apt. 312, 50173, Bad Tamara, Rheinland-Pfalz, Germany
Kämpenwiese 41a, 2 OG, 63143, Linestadt, Thüringen, Germany
Michaelsweg 402, 9 OG, 06505, Romyland, Rheinland-Pfalz, Germany
Ropenstaller Weg 29c, Zimmer 854, 49576, Isakstadt, Niedersachsen, Germany
Am Heidkamp 95c, Zimmer 901, 67495, Davidestadt, Hamburg, Germany
Rheindorfer Str. 51b, Zimmer 359, 19064, Alt Robinland, Sachsen, Germany
Am Jägerhof 77c, Apt. 092, 84231, Neubauerscheid, Bremen, Germany
Kämpchenstr. 77, Apt. 930, 85422, Loreenland, Sachsen, Germany
Hummelweg 19a, Apt. 491, 24335, Bad Mariellaburg, Baden-Württemberg, Germany
Mülheimer Str. 1, 4 OG, 56788, Mordhorstburg, Bayern, Germany
Blütenstr. 02b, Zimmer 277, 81167, Süd Odinstadt, Schleswig-Holstein, Germany
Grunewaldstr. 62b, Zimmer 871, 01491, Nord Nisascheid, Rheinland-Pfalz, Germany
Robert-Medenwald-Str. 57b, Zimmer 687, 47005, Alt Lucianburg, Bayern, Germany
Charlottenburger Str. 65a, Zimmer 933, 24328, Allgeyerstadt, Schleswig-Holstein, Germany
Wittenbergstr. 51b, Zimmer 495, 96258, Leroyburg, Baden-Württemberg, Germany
Am Vogelsang 57a, 0 OG, 56586, Alt Jontedorf, Bayern, Germany
Metzer Str. 37b, 2 OG, 39953, Vincentland, Sachsen, Germany
Flurstr. 27, Apt. 188, 69205, Nabeindorf, Brandenburg, Germany
Bismarckstr. 74a, Zimmer 165, 73366, West Annabellscheid, Berlin, Germany
Robert-Koch-Str. 7, 3 OG, 29755, Ost Fatimaburg, Brandenburg, Germany
Heidehöhe 37a, Apt. 184, 74525, West Sinjadorf, Hamburg, Germany
Farnweg 312, Zimmer 492, 15742, West Til, Berlin, Germany
Maashofstr. 80a, Apt. 427, 04584, Neu Evelinastadt, Baden-Württemberg, Germany
Porschestr. 97a, Zimmer 321, 44943, Klingerdorf, Niedersachsen, Germany
Sanddornstr. 18, Apt. 875, 50959, Sidneyscheid, Rheinland-Pfalz, Germany
Stefan-Zweig-Str. 4, Zimmer 450, 52922, Tylerland, Sachsen-Anhalt, Germany
Gartenstr. 4, Apt. 227, 52739, Süd Theascheid, Rheinland-Pfalz, Germany
Max-Ernst-Str. 8, Zimmer 144, 29350, Zimmermannstadt, Schleswig-Holstein, Germany
Kreuzbroicher Str. 2, Apt. 597, 82153, Nord Andreasstadt, Bremen, Germany
Flensburger Str. 31, 6 OG, 14856, Alt Karlaland, Nordrhein-Westfalen, Germany
Pfeilshofstr. 61b, Apt. 508, 11614, Neu Leah, Sachsen, Germany
Danziger Str. 32, Apt. 721, 83910, Elianascheid, Bayern, Germany
Menchendahler Str. 526, 4 OG, 37214, West Abigailland, Saarland, Germany
Kleingansweg 1, 9 OG, 80345, Nord Lewis, Hessen, Germany
Lohrstr. 0, Zimmer 060, 65110, Neu Yasinland, Bayern, Germany
Bebelstr. 8, Zimmer 825, 40186, Ost Felinadorf, Mecklenburg-Vorpommern, Germany
Johannes-Popitz-Str. 9, Apt. 971, 24549, Neu Romeoscheid, Thüringen, Germany
Im Rosengarten 18c, Zimmer 667, 94567, Ost Frieda, Nordrhein-Westfalen, Germany
Ruhlachstr. 032, 6 OG, 73739, Alt Selimland, Sachsen-Anhalt, Germany
Zedernweg 19c, Apt. 469, 70146, Liahscheid, Baden-Württemberg, Germany
An der Schmitten 90a, Apt. 038, 31270, Amonland, Baden-Württemberg, Germany
Kantstr. 301, Apt. 912, 65438, Nord Janinastadt, Bayern, Germany
Berliner Platz 62, 1 OG, 19462, Julianaland, Baden-Württemberg, Germany
Ratherkämp 67c, Zimmer 625, 88715, Alt Teoscheid, Niedersachsen, Germany
Maria-Terwiel-Str. 39, 5 OG, 49933, Alt Wiebkescheid, Saarland, Germany
Pfarrer-Jekel-Str. 07, Zimmer 031, 29443, Nord Maraland, Mecklenburg-Vorpommern, Germany
Golo-Mann-Str. 973, Apt. 244, 56127, Ost Katrin, Thüringen, Germany
Rotdornweg 59, Apt. 614, 23305, Zuberland, Hessen, Germany
An den Rheinauen 327, Apt. 264, 91693, Tabealand, Baden-Württemberg, Germany
Bertha-Middelhauve-Str. 69c, Zimmer 422, 06624, Alt Arne, Sachsen-Anhalt, Germany
Carlo-Mierendorff-Str. 65c, Apt. 520, 48359, Mariellastadt, Hamburg, Germany
Kurt-Schumacher-Ring 4, Apt. 169, 42665, Alt Wibkescheid, Niedersachsen, Germany
Max-Planck-Str. 488, 5 OG, 50822, Nord Benjamin, Nordrhein-Westfalen, Germany
Schießbergstr. 41b, Zimmer 381, 65785, West Amir, Hessen, Germany
Im Staderfeld 23, Apt. 546, 64569, Nord Timscheid, Rheinland-Pfalz, Germany
Heymannstr. 67c, Zimmer 264, 62960, Neu Adascheid, Niedersachsen, Germany
Steinstr. 29c, Apt. 088, 53176, Kolbland, Berlin, Germany
Benzstr. 68b, 9 OG, 06960, Nord Aylin, Berlin, Germany
Ackerweg 5, Zimmer 972, 63010, Bad Jonnaland, Brandenburg, Germany
Schubertplatz 13, 8 OG, 19212, West Celinaland, Niedersachsen, Germany
Quettinger Str. 2, Apt. 366, 95480, Marlondorf, Bayern, Germany
Zauberkuhle 36, Zimmer 494, 56056, Ardadorf, Thüringen, Germany
Holzer Wiesen 85b, Zimmer 485, 80624, Rabensteinburg, Sachsen-Anhalt, Germany
Marktplatz 26b, Zimmer 018, 34560, Kohnlescheid, Nordrhein-Westfalen, Germany
Helenenstr. 7, Zimmer 259, 75961, Ost Azrascheid, Baden-Württemberg, Germany
Pestalozzistr. 93b, Apt. 503, 55190, Jamesland, Hamburg, Germany
Friedenberger Str. 90a, 5 OG, 39026, West Louisaburg, Mecklenburg-Vorpommern, Germany
Am Sonnenhang 60a, 0 OG, 75604, Süd Asyascheid, Sachsen-Anhalt, Germany
Im Eisholz 23c, 7 OG, 17721, Josefinstadt, Hamburg, Germany
Am Rosenhügel 1, Apt. 699, 68840, Klaasburg, Schleswig-Holstein, Germany
Auf der Donnen 19c, Zimmer 615, 23960, Dariadorf, Schleswig-Holstein, Germany
Am Gierlichshof 79b, 8 OG, 44461, Rückerscheid, Baden-Württemberg, Germany
St. Ingberter Str. 0, Zimmer 305, 99759, Bad Lion, Sachsen, Germany
Voigtslach 624, Zimmer 118, 59605, Bremserburg, Hamburg, Germany
Saarlauterner Str. 36b, Zimmer 719, 64699, Nord Madlenburg, Schleswig-Holstein, Germany
Am Vogelsfeldchen 3, 7 OG, 52970, Florczakstadt, Schleswig-Holstein, Germany
Völklinger Str. 03c, Zimmer 700, 81972, Neu Alfred, Bayern, Germany
Willi-Baumeister-Str. 32, Apt. 220, 45876, Poserburg, Schleswig-Holstein, Germany
Billrothstr. 569, Apt. 758, 65388, West Moritzdorf, Rheinland-Pfalz, Germany
Meisenweg 88, Zimmer 271, 20281, Süd Taylerdorf, Bayern, Germany
Am Sportplatz 31a, 0 OG, 19863, Trampelischeid, Berlin, Germany
Im Bühl 5, Zimmer 931, 13713, Astafeischeid, Niedersachsen, Germany
Espenweg 05c, 4 OG, 67053, Stregeland, Hamburg, Germany
Am Telegraf 206, 0 OG, 89087, Süd Melaniescheid, Thüringen, Germany
Krummer Weg 16c, Zimmer 722, 24625, Bad Celine, Mecklenburg-Vorpommern, Germany
Mozartstr. 835, Zimmer 093, 93206, Ost Matthis, Hessen, Germany
Feldsiefer Weg 32b, Zimmer 952, 85802, Kutznerscheid, Niedersachsen, Germany
Obere Str. 513, Zimmer 019, 11708, Jeremiasdorf, Baden-Württemberg, Germany
Reusrather Str. 82, Apt. 341, 09411, Jilscheid, Bayern, Germany
Im Dorf 70a, 0 OG, 34956, Hillerburg, Hamburg, Germany
Else-Lasker-Schüler-Str. 177, Zimmer 491, 09765, Neu Melisadorf, Berlin, Germany
Bruchhauser Str. 11, 2 OG, 35549, Bad Conner, Niedersachsen, Germany
Steinbücheler Feld 0, Apt. 130, 99502, Filsingerland, Berlin, Germany
Föhrenweg 237, Apt. 924, 73317, Alt Selim, Hessen, Germany
A.-W.-v.-Hofmann-Str. 14b, Zimmer 881, 77233, Neu Marcdorf, Brandenburg, Germany
Hermann-Löns-Str. 281, 8 OG, 95346, Neu Julina, Mecklenburg-Vorpommern, Germany
Ratherkämp 1, Zimmer 054, 59240, West Madlenscheid, Baden-Württemberg, Germany
Theodor-Fliedner-Str. 787, 9 OG, 18280, Thustdorf, Mecklenburg-Vorpommern, Germany
Grundermühle 20b, Zimmer 062, 44570, Linusstadt, Thüringen, Germany
Am Weiher 07c, Apt. 916, 26635, Grothkoppscheid, Mecklenburg-Vorpommern, Germany
Gustav-Heinemann-Str. 556, 2 OG, 52767, Janekdorf, Baden-Württemberg, Germany
Sürderstr. 45c, 7 OG, 99416, Ruthscheid, Bayern, Germany
Carl-von-Ossietzky-Str. 84a, Zimmer 966, 52929, Ost Alyssascheid, Sachsen-Anhalt, Germany
Emil-Fischer-Str. 6, Zimmer 982, 21547, West Alisha, Schleswig-Holstein, Germany
Julius-Doms-Str. 7, Zimmer 820, 32680, Bad Elsa, Bayern, Germany
Spitzwegstr. 0, Apt. 943, 89770, Süd Pit, Sachsen, Germany
Siebelplatz 37, Zimmer 661, 46165, Nord Biancadorf, Bremen, Germany
Mohlenstr. 12, Apt. 662, 09039, Wachenbrunnerscheid, Hamburg, Germany
Ober dem Hof 297, Apt. 740, 17276, Grebstadt, Bremen, Germany
Leinestr. 54b, 3 OG, 93049, Ost Finleyscheid, Bayern, Germany
Von-Diergardt-Str. 04b, Zimmer 182, 10022, Bad Mattiburg, Rheinland-Pfalz, Germany
Im Frohental 24b, 8 OG, 25741, Bad Emely, Mecklenburg-Vorpommern, Germany
Drachenfelsstr. 39a, Zimmer 073, 40682, Helmkescheid, Thüringen, Germany
Platanenweg 55b, 0 OG, 05558, Süd Amelia, Bayern, Germany
Friedensstr. 85, Zimmer 482, 47085, Abtburg, Sachsen-Anhalt, Germany
Dieselstr. 460, Zimmer 008, 44923, Valentinostadt, Sachsen-Anhalt, Germany
Pregelstr. 7, 0 OG, 35341, West Juliusstadt, Mecklenburg-Vorpommern, Germany
Fichtenweg 9, Apt. 062, 72774, Alt Michaelaland, Hessen, Germany
Heinrich-Strerath-Str. 60c, Zimmer 759, 18917, Neu Jarne, Berlin, Germany
Am Hofacker 653, Apt. 895, 91169, West Tyronburg, Brandenburg, Germany
Auf dem Herberg 86, Zimmer 536, 24076, Bad Bastian, Schleswig-Holstein, Germany
Halfenleimbach 47a, 3 OG, 33570, Ost Elanurburg, Sachsen, Germany
Schillerstr. 75b, Zimmer 181, 73381, Sutschetdorf, Nordrhein-Westfalen, Germany
Florianweg 726, 9 OG, 02750, Neu Azraburg, Bayern, Germany
Auf den Reien 75c, Zimmer 427, 33076, Süd Ariana, Sachsen-Anhalt, Germany
Otto-Grimm-Str. 87, Zimmer 857, 02036, Diekmannburg, Mecklenburg-Vorpommern, Germany
Ludwig-Knorr-Str. 71, Zimmer 982, 95595, Süd Evelin, Schleswig-Holstein, Germany
Florianweg 09, 2 OG, 00146, Ivenscheid, Berlin, Germany
Ruhlachplatz 97b, Apt. 782, 47870, Mühleisstadt, Niedersachsen, Germany
A.-W.-v.-Hofmann-Str. 97a, 6 OG, 35689, Bühlerdorf, Hamburg, Germany
Im Staderfeld 22, Zimmer 515, 22992, Kowalickdorf, Hamburg, Germany
Obere Str. 13, Zimmer 180, 33885, Süd Allegra, Sachsen-Anhalt, Germany
Kaiserstr. 05b, Apt. 026, 96290, Ost Cedrik, Baden-Württemberg, Germany
Dresdener Str. 0, 0 OG, 10751, Robertstadt, Bremen, Germany
Weiherstr. 013, Apt. 315, 31737, Lehnerdorf, Schleswig-Holstein, Germany
Winkelweg 61, Zimmer 364, 31447, Lehnerstadt, Sachsen, Germany
Stixchesstr. 73c, Zimmer 782, 45150, Buchholzdorf, Schleswig-Holstein, Germany
Fürstenbergplatz 12c, Apt. 445, 48376, Nord Nika, Baden-Württemberg, Germany
Theodor-Storm-Str. 6, Zimmer 880, 12810, Lichtenhagenstadt, Thüringen, Germany
Pfeilshofstr. 93, 6 OG, 13722, Hartingburg, Sachsen-Anhalt, Germany
Bahnallee 6, Apt. 730, 49045, Ost Selinstadt, Thüringen, Germany
Im Steinfeld 97, Apt. 447, 26404, Nicoscheid, Hessen, Germany
Winterberg 9, Zimmer 146, 27992, Paulascheid, Schleswig-Holstein, Germany
Diepental 7, 9 OG, 92593, Süd Janoschdorf, Berlin, Germany
Ulrichstr. 98c, Apt. 233, 40137, Nord Jason, Bremen, Germany
Blaukehlchenweg 35a, Zimmer 408, 94097, Süd Dario, Brandenburg, Germany
Werrastr. 972, 1 OG, 57304, Neu Malinaburg, Bremen, Germany
Schlebuscher Str. 36, 2 OG, 21347, Sonjastadt, Niedersachsen, Germany
Robert-Medenwald-Str. 8, Apt. 449, 51622, Alt Cedrikstadt, Mecklenburg-Vorpommern, Germany
Lupinenweg 11a, Zimmer 956, 60720, Süd Riccardoland, Sachsen-Anhalt, Germany
Ober dem Hof 219, Apt. 318, 55893, Alt Aliya, Sachsen-Anhalt, Germany
Schubertstr. 665, Apt. 583, 03980, Neu Jonah, Baden-Württemberg, Germany
Münzstr. 9, Apt. 666, 07570, Isabellburg, Sachsen, Germany
Heinrich-Lützenkirchen-Weg 56c, 4 OG, 38587, Jossadorf, Thüringen, Germany
Emil-Fischer-Str. 675, Apt. 583, 85593, Milostadt, Niedersachsen, Germany
Telegrafenstr. 56, Zimmer 545, 40653, Haackstadt, Bayern, Germany
Lohrbergstr. 70, Apt. 421, 93742, Kinzydorf, Bayern, Germany
Brüder-Bonhoeffer-Str. 687, 6 OG, 70773, Bad Enya, Rheinland-Pfalz, Germany
An der Schusterinsel 869, 7 OG, 37136, Mehlhornland, Sachsen, Germany
Neuenhausgasse 73c, Apt. 188, 32619, Ost Marianscheid, Rheinland-Pfalz, Germany
Eulengasse 43, Zimmer 875, 22249, Iljascheid, Brandenburg, Germany
Haus-Vorster-Str. 69, Zimmer 036, 29891, West Frederic, Hamburg, Germany
Jüch 01, Apt. 501, 90092, Dennisland, Schleswig-Holstein, Germany
Hebbelstr. 47a, Zimmer 833, 12490, Arianascheid, Bremen, Germany
Klief 66a, Apt. 647, 95786, Nord Piusdorf, Rheinland-Pfalz, Germany
Pappelweg 24, 9 OG, 16739, Joystadt, Hessen, Germany
Moskauer Str. 934, 7 OG, 74769, Bad Lya, Nordrhein-Westfalen, Germany
Am Brungen 50c, Zimmer 372, 83372, Edorhscheid, Hamburg, Germany
Kaiserstr. 212, Apt. 237, 63507, Ost Jennyscheid, Bremen, Germany
Schlebuscher Str. 268, Apt. 616, 36515, Neu Riccardo, Schleswig-Holstein, Germany
Grünstr. 50a, Zimmer 602, 60885, Erleidorf, Brandenburg, Germany
Johannisburger Str. 79c, 0 OG, 84715, Gieschescheid, Sachsen-Anhalt, Germany
Johannes-Dott-Str. 35c, Zimmer 720, 40960, Ellenland, Thüringen, Germany
Otto-Hahn-Str. 77, Zimmer 260, 56334, Nord Elijahdorf, Brandenburg, Germany
Lippe 18a, 6 OG, 70695, Süd Marekburg, Thüringen, Germany
Marktplatz 99c, Zimmer 131, 09647, Süd Friedaburg, Niedersachsen, Germany
Kleinheider Weg 87a, Zimmer 516, 77116, Nord Medinestadt, Thüringen, Germany
Speestr. 02b, Apt. 760, 26676, Katharinaburg, Nordrhein-Westfalen, Germany
Oststr. 77c, 0 OG, 59887, Thiomasscheid, Niedersachsen, Germany
Hummelweg 48c, 0 OG, 35891, Mohammeddorf, Niedersachsen, Germany
Alter Grenzweg 234, 0 OG, 73540, Leeland, Mecklenburg-Vorpommern, Germany
Theodor-Fliedner-Str. 34b, Zimmer 326, 99250, Bad Janaland, Schleswig-Holstein, Germany
Schlehdornstr. 94b, 1 OG, 05673, Laurénburg, Saarland, Germany
Hornpottweg 1, 7 OG, 16102, Byrdburg, Thüringen, Germany
Kantstr. 90c, Apt. 945, 36280, Süd Michaela, Sachsen-Anhalt, Germany
Am Märchen 56b, Zimmer 814, 63017, Rianadorf, Bremen, Germany
Niederblecher 8, Zimmer 264, 11447, Leonaland, Rheinland-Pfalz, Germany
Am Birkenberg 4, Zimmer 719, 83575, West Marascheid, Sachsen, Germany
Am Höllers Eck 89b, Apt. 264, 22441, Sahnerscheid, Thüringen, Germany
Friedrich-Sertürner-Str. 332, Zimmer 459, 65771, Anadorf, Bremen, Germany
Maurinusstr. 73b, Apt. 121, 26738, Markdorf, Mecklenburg-Vorpommern, Germany
Burgplatz 43a, Apt. 447, 60626, Alt Lucaland, Hessen, Germany
Muldestr. 75b, Zimmer 709, 08867, Jannesscheid, Mecklenburg-Vorpommern, Germany
Hallesche Str. 059, Zimmer 198, 01272, Ponitzschscheid, Mecklenburg-Vorpommern, Germany
Aldegundisstr. 75b, Zimmer 504, 18846, West Jeremias, Brandenburg, Germany
Walter-Nernst-Str. 740, Apt. 012, 43563, Bad Yasminland, Bayern, Germany
Brückenstr. 48a, Apt. 934, 58840, Livscheid, Bremen, Germany
Andreasstr. 46b, Apt. 740, 43486, Marschekland, Mecklenburg-Vorpommern, Germany
Niederblecher 81, Apt. 285, 03792, Alt Eddiburg, Hessen, Germany
Kleiberweg 00a, 4 OG, 63287, Neu Ela, Mecklenburg-Vorpommern, Germany
Wolkenburgstr. 14a, Zimmer 476, 25188, Ost Phoebe, Rheinland-Pfalz, Germany
Altstadtstr. 76, Apt. 032, 37432, Klaraburg, Sachsen-Anhalt, Germany
Dönhoffstr. 96a, 4 OG, 37004, Tidowscheid, Thüringen, Germany
Pregelstr. 46c, 1 OG, 07943, West Alessandro, Thüringen, Germany
Piet-Mondrian-Str. 794, Apt. 079, 72382, Ost Amirscheid, Sachsen, Germany
Moselstr. 966, 5 OG, 09220, Bad Pierre, Mecklenburg-Vorpommern, Germany
Esmarchstr. 52b, Zimmer 587, 26944, Gastelburg, Mecklenburg-Vorpommern, Germany
Am Werth 15a, 3 OG, 82479, Zeynepstadt, Bremen, Germany
Im Jücherfeld 17c, Apt. 314, 02849, Gerritburg, Baden-Württemberg, Germany
Weiherfeld 37b, Apt. 811, 16525, Alt Luisastadt, Niedersachsen, Germany
Auf dem Acker 55, Zimmer 804, 10537, Dreesland, Brandenburg, Germany
Kaiserplatz 6, Zimmer 063, 60033, Bad Leonie, Schleswig-Holstein, Germany
Schlebuscher Heide 4, 7 OG, 75885, Ost Malikstadt, Brandenburg, Germany
Habichtgasse 39b, Zimmer 510, 00497, Süd Pius, Bayern, Germany
Dürscheider Weg 894, Zimmer 614, 69363, Süd Vanessa, Rheinland-Pfalz, Germany
Bruchhauser Str. 23b, 8 OG, 73848, Lisascheid, Saarland, Germany
Köschenberg 02, 9 OG, 50069, Loskascheid, Niedersachsen, Germany
Christian-Heß-Str. 990, 7 OG, 88572, Alt Lio, Hessen, Germany
Am Hühnerberg 0, Zimmer 640, 06048, Bad Kyraland, Mecklenburg-Vorpommern, Germany
Elisabethstr. 45b, Zimmer 420, 65994, Nikolasburg, Sachsen, Germany
Domblick 7, 1 OG, 33205, Süd Mieke, Bremen, Germany
Johannes-Dott-Str. 922, 7 OG, 35096, Torescheid, Bayern, Germany
Feldtorstr. 30c, Apt. 035, 58247, Ost Zoeyland, Baden-Württemberg, Germany
Yitzhak-Rabin-Str. 573, 9 OG, 99550, Alt Angeloscheid, Brandenburg, Germany
Stephan-Lochner-Str. 8, 6 OG, 35732, Lobingerstadt, Brandenburg, Germany
Wiembachallee 08a, 9 OG, 40689, Hansland, Brandenburg, Germany
Dürscheider Weg 38a, Apt. 849, 92192, Elsaburg, Hessen, Germany
Rhein-Wupper-Platz 8, Apt. 648, 74810, Nord Samira, Bremen, Germany
Burgplatz 51c, 8 OG, 96963, Ost Hendrikstadt, Mecklenburg-Vorpommern, Germany
Otto-Stange-Str. 22a, Zimmer 884, 08278, Neu Felicitasscheid, Niedersachsen, Germany
Dechant-Krey-Str. 32, 9 OG, 13110, Ameliaburg, Niedersachsen, Germany
Steinstr. 70c, Zimmer 020, 92867, Normanburg, Brandenburg, Germany
Fährstr. 3, Apt. 792, 91860, Nord Francescoburg, Nordrhein-Westfalen, Germany
Golo-Mann-Str. 49c, Zimmer 966, 09536, Alt Oskar, Niedersachsen, Germany
Am Mönchshof 12c, Apt. 773, 39516, Ost Mariellaburg, Brandenburg, Germany
Alte Garten 09a, 5 OG, 03664, Marikaburg, Hamburg, Germany
Mühlenweg 3, Zimmer 916, 02047, Cindyburg, Hamburg, Germany
Peter-Joseph-Lenné-Str. 86a, 3 OG, 07948, Moormanndorf, Schleswig-Holstein, Germany
Treuburger Str. 04c, Zimmer 670, 39586, Ameliedorf, Nordrhein-Westfalen, Germany
Schöneberger Str. 78a, Zimmer 269, 41907, Neumannburg, Schleswig-Holstein, Germany
Röntgenstr. 31b, Zimmer 260, 50339, Gutschankstadt, Thüringen, Germany
Pastor-Louis-Str. 6, Apt. 691, 51996, Linnenbaumburg, Sachsen, Germany
An der Lichtenburg 2, Zimmer 143, 76420, Celinadorf, Sachsen, Germany
Fürstenbergplatz 780, 6 OG, 85547, Taminascheid, Schleswig-Holstein, Germany
Spandauer Str. 50b, Zimmer 414, 07758, West Gerrit, Rheinland-Pfalz, Germany
Ruhlachstr. 39a, Zimmer 658, 72775, Bornscheuerscheid, Niedersachsen, Germany
Bitterfelder Str. 94b, Apt. 248, 18999, Bad Charlotta, Hamburg, Germany
Hufer Weg 41, Apt. 351, 95204, Hannesdorf, Thüringen, Germany
Schwarzastr. 05, 1 OG, 47789, Giulianoscheid, Schleswig-Holstein, Germany
Kieler Str. 4, 7 OG, 13856, Alt Jaden, Berlin, Germany
Steinweg 03c, Zimmer 420, 57498, Ost Frederickland, Sachsen-Anhalt, Germany
Kochergarten 20c, Zimmer 566, 35158, Süd Yannickburg, Berlin, Germany
Ulmer Str. 453, 4 OG, 34608, Nord Freya, Rheinland-Pfalz, Germany
An der Bergerweide 11a, 3 OG, 26645, Bad Frederikeland, Bayern, Germany
Heinrich-Lübke-Str. 31a, 3 OG, 63727, Bad Josefinedorf, Bremen, Germany
Weiherfeld 82, Apt. 346, 09524, Annabellland, Saarland, Germany
Carl-Duisberg-Str. 04c, Zimmer 362, 60271, Bad Haileyland, Hamburg, Germany
Ratherkämp 0, Apt. 966, 85800, Kupprionburg, Berlin, Germany
Schenkendorfstr. 67b, Zimmer 701, 51439, Deckerstadt, Hamburg, Germany
Dürerstr. 38c, Apt. 904, 81078, Neu Johnstadt, Mecklenburg-Vorpommern, Germany
Hans-Gerhard-Str. 13c, Apt. 263, 22401, Bad Beratstadt, Rheinland-Pfalz, Germany
Borsigstr. 64b, Zimmer 611, 22403, Stevescheid, Niedersachsen, Germany
Augustastr. 281, Apt. 183, 76274, West Laurencescheid, Berlin, Germany
Dieselstr. 015, Apt. 263, 59310, Bad Markoburg, Bremen, Germany
Brückenstr. 72b, 2 OG, 81853, Süd Henrikescheid, Sachsen-Anhalt, Germany
Höltgestal 38, Zimmer 538, 90626, Hoffmanstadt, Rheinland-Pfalz, Germany
Hannah-Höch-Str. 04a, Apt. 281, 98003, Haugscheid, Mecklenburg-Vorpommern, Germany
Pützdelle 49, Apt. 218, 45019, Neu Julescheid, Rheinland-Pfalz, Germany
Virchowstr. 96, Apt. 806, 09622, Süd Kaya, Niedersachsen, Germany
Im Bergischen Heim 61b, 7 OG, 66856, Tonyscheid, Mecklenburg-Vorpommern, Germany
Fliederweg 71b, 0 OG, 34408, Reppinburg, Sachsen, Germany
An der Bergerweide 1, Zimmer 190, 04378, Nord Luciedorf, Schleswig-Holstein, Germany
In der Höhle 0, 2 OG, 26094, Hansstadt, Brandenburg, Germany
Marienwerderstr. 18c, Zimmer 030, 45025, Leiboldscheid, Hamburg, Germany
Saarstr. 20c, Apt. 563, 40454, Bad Egestadt, Hamburg, Germany
Peter-Joseph-Lenné-Str. 33c, Zimmer 346, 01049, Süd Fenja, Sachsen-Anhalt, Germany
Lessingstr. 6, Zimmer 590, 71125, Jasonburg, Thüringen, Germany
Adalbertstr. 372, 1 OG, 71908, Victoriadorf, Sachsen, Germany
Dhünnberg 18b, 1 OG, 43903, Nord Björn, Berlin, Germany
Bracknellstr. 8, Zimmer 897, 33222, West Inaburg, Sachsen-Anhalt, Germany
Diepental 65a, 5 OG, 09067, West Pietland, Thüringen, Germany
Charlottenburger Str. 98, Apt. 134, 62938, Paulastadt, Bremen, Germany
Max-Liebermann-Str. 28b, Apt. 452, 12598, Alt Dominicscheid, Hamburg, Germany
Nelly-Sachs-Str. 31, Apt. 736, 33577, Süd Jeremie, Brandenburg, Germany
Auf'm Berg 52, Apt. 858, 43927, West Sally, Mecklenburg-Vorpommern, Germany
Holunderweg 75, Apt. 467, 80422, Neu Kerimscheid, Baden-Württemberg, Germany
Stixchesstr. 07a, Zimmer 908, 08253, Ost Leroy, Bremen, Germany
Im Winkel 8, Apt. 565, 34130, Sahradorf, Rheinland-Pfalz, Germany
Brucknerstr. 1, Apt. 719, 35812, Neu Jennastadt, Nordrhein-Westfalen, Germany
Johannes-Baptist-Str. 730, 4 OG, 92552, Jaredscheid, Sachsen, Germany
Raushofstr. 09a, Zimmer 186, 26112, Honzstadt, Sachsen-Anhalt, Germany
Johannes-Baptist-Str. 75b, 8 OG, 97753, Bad Karlaland, Bremen, Germany
Hans-Sachs-Str. 10a, Apt. 808, 09250, Mattidorf, Rheinland-Pfalz, Germany
Golo-Mann-Str. 05a, Apt. 109, 00749, Stedingstadt, Saarland, Germany
Theodor-Adorno-Str. 81b, Zimmer 147, 05862, Bad Alice, Mecklenburg-Vorpommern, Germany
Rudolf-Mann-Platz 1, 1 OG, 71091, Elianaburg, Thüringen, Germany
Heinrich-von-Kleist-Str. 28, Zimmer 724, 21028, Kühnstadt, Schleswig-Holstein, Germany
Hubertusweg 51, 5 OG, 80648, Alyssadorf, Baden-Württemberg, Germany
Winterberg 22b, Zimmer 703, 52296, Ost Olescheid, Nordrhein-Westfalen, Germany
Sürderstr. 48c, Zimmer 879, 63689, Mohamedstadt, Nordrhein-Westfalen, Germany
Kleine Kirchstr. 48b, Apt. 489, 23138, Sinnhuberdorf, Brandenburg, Germany
Neukronenberger Str. 705, Zimmer 365, 69685, Maischscheid, Baden-Württemberg, Germany
Leichlinger Str. 43a, Apt. 095, 51315, Bad Piet, Hamburg, Germany
Heisterbachstr. 43, 1 OG, 70408, Süd Stella, Thüringen, Germany
Karl-Arnold-Str. 874, Apt. 109, 83934, Marlenadorf, Rheinland-Pfalz, Germany
Hüscheider Str. 04a, Apt. 236, 60604, Natalieland, Niedersachsen, Germany
Frischenberg 41c, 5 OG, 57951, Obermaierstadt, Baden-Württemberg, Germany
Oderstr. 46, Apt. 652, 32923, Marschekland, Hamburg, Germany
Else-Lasker-Schüler-Str. 97a, 5 OG, 01569, Schleystadt, Rheinland-Pfalz, Germany
Fasanenweg 40b, Apt. 349, 42488, Neu Jamiescheid, Rheinland-Pfalz, Germany
Görlitzer Str. 9, Apt. 419, 97280, Schönbergdorf, Hamburg, Germany
Nauener Str. 79, Apt. 241, 55758, Assmusburg, Baden-Württemberg, Germany
Schöllerstr. 75c, Zimmer 449, 37748, Fabricedorf, Hessen, Germany
Driescher Hecke 66c, Zimmer 286, 12601, Werledorf, Brandenburg, Germany
Ewald-Flamme-Str. 02b, Apt. 510, 37938, Alt Vin, Bremen, Germany
Nelly-Sachs-Str. 14c, Zimmer 873, 29644, West Rubenburg, Saarland, Germany
An der Bergerweide 6, Apt. 574, 63866, Emmelydorf, Thüringen, Germany
Monheimer Str. 65a, 1 OG, 83045, Süd Aliya, Sachsen-Anhalt, Germany
Ulmer Str. 15a, Apt. 162, 19249, West Levinscheid, Hamburg, Germany
Heinrich-Lützenkirchen-Weg 30a, 3 OG, 56519, Süd Lorenzostadt, Brandenburg, Germany
Bernsteinstr. 06a, Apt. 840, 73771, Sackdorf, Bremen, Germany
Fester Weg 88, Zimmer 642, 39884, Carastadt, Berlin, Germany
Scheffershof 32, Zimmer 878, 11701, Janinaburg, Mecklenburg-Vorpommern, Germany
Elsbachstr. 08b, 2 OG, 24594, Alt Nelly, Bremen, Germany
Löchergraben 61c, Apt. 100, 96774, Bad Alicedorf, Mecklenburg-Vorpommern, Germany
Konrad-Adenauer-Platz 54b, 1 OG, 82580, Alt Auroradorf, Bremen, Germany
Steglitzer Str. 8, 2 OG, 79650, Hermannscheid, Schleswig-Holstein, Germany
Pfarrer-Jekel-Str. 9, Apt. 209, 23827, Tinastadt, Mecklenburg-Vorpommern, Germany
Kocherstr. 17b, Zimmer 241, 17330, Andrealand, Sachsen-Anhalt, Germany
Siemensstr. 73c, Zimmer 369, 59278, Süd Finley, Rheinland-Pfalz, Germany
Stephanusstr. 318, Apt. 805, 79426, Aliyahscheid, Saarland, Germany
Stegerwaldstr. 30c, Zimmer 973, 43908, Bad Malena, Bremen, Germany
Karl-Krekeler-Str. 846, Apt. 020, 62826, Alt Emelie, Brandenburg, Germany
Schillerstr. 88b, Apt. 723, 10530, Mircostadt, Nordrhein-Westfalen, Germany
Münsters Gäßchen 2, Zimmer 054, 48211, Lorenzburg, Brandenburg, Germany
Max-Liebermann-Str. 0, Apt. 239, 45290, Neu Theodor, Berlin, Germany
An den Irlen 07c, Apt. 024, 87965, Alt Henry, Sachsen-Anhalt, Germany
Dünenweg 0, Apt. 077, 86924, Neu Eren, Mecklenburg-Vorpommern, Germany
Geibelstr. 788, 6 OG, 64633, Hannastadt, Rheinland-Pfalz, Germany
Domblick 60, Zimmer 827, 46409, Nord Tomke, Bayern, Germany
Walter-Hochapfel-Str. 69c, 2 OG, 70852, Sorayascheid, Niedersachsen, Germany
Finkenweg 15a, Apt. 174, 17670, Caitlinscheid, Bremen, Germany
Mendelssohnstr. 67a, Zimmer 576, 18770, Sammyland, Mecklenburg-Vorpommern, Germany
Zündhütchenweg 209, Zimmer 583, 66616, West Fiona, Hamburg, Germany
Hermann-Hesse-Str. 894, 9 OG, 64905, Götzscheid, Sachsen-Anhalt, Germany
Van\'t-Hoff-Str. 32c, 4 OG, 83903, Süd Alexisscheid, Saarland, Germany
Ackerweg 8, 4 OG, 87739, Süd Cecilia, Sachsen-Anhalt, Germany
Julius-Leber-Str. 60a, 3 OG, 19213, Arnoland, Saarland, Germany
Leimbacher Hof 71c, 5 OG, 54392, Bad Angelastadt, Rheinland-Pfalz, Germany
Max-Scheler-Str. 72, Zimmer 594, 39591, West Lindsay, Sachsen-Anhalt, Germany
Marie-Curie-Str. 5, 8 OG, 28070, Flottmannscheid, Sachsen, Germany
Salamanderweg 10, Apt. 836, 17615, Neu Eliasdorf, Rheinland-Pfalz, Germany
Am Höllers Eck 365, Zimmer 389, 99814, Neu Anneke, Niedersachsen, Germany
Elisenstr. 858, 4 OG, 61166, Oledorf, Niedersachsen, Germany
Allensteiner Str. 32b, 1 OG, 97095, Fredericburg, Hamburg, Germany
Geschwister-Scholl-Str. 77c, 6 OG, 91711, Josuaburg, Sachsen, Germany
Friedrich-Bergius-Platz 85a, 3 OG, 30505, Riermeierscheid, Niedersachsen, Germany
Julius-Doms-Str. 55b, 6 OG, 08334, Arendtburg, Sachsen, Germany
An der Luisenburg 08, 0 OG, 24916, Bad Nisa, Sachsen-Anhalt, Germany
Dürscheider Weg 8, Apt. 713, 01321, Bad Sara, Berlin, Germany
Kuhlmannweg 753, 1 OG, 45193, Tylerburg, Thüringen, Germany
Wiebertshof 1, 6 OG, 57506, Bad Noemi, Sachsen-Anhalt, Germany
Forellental 5, Apt. 330, 17942, Süd Hannesland, Sachsen-Anhalt, Germany
Am Frankenberg 72, Zimmer 302, 79117, Neu Emirstadt, Baden-Württemberg, Germany
Wiebertshof 014, 6 OG, 75512, Pfeifferburg, Saarland, Germany
Am Blauen Berg 9, Apt. 958, 08790, Ost Kalle, Brandenburg, Germany
Grünstr. 264, Zimmer 426, 28156, Stangscheid, Thüringen, Germany
Ewald-Flamme-Str. 27a, 0 OG, 00975, Barylladorf, Mecklenburg-Vorpommern, Germany
Wupperstr. 245, Apt. 636, 02455, Rosaland, Nordrhein-Westfalen, Germany
Grundermühlenhof 91a, Zimmer 999, 44962, Carloscheid, Baden-Württemberg, Germany
Romberg 20, Zimmer 308, 11928, Bad Tinostadt, Hessen, Germany
Friedrich-Engels-Str. 31, Apt. 659, 54979, Ihlyburg, Nordrhein-Westfalen, Germany
Halligstr. 0, Zimmer 538, 26920, Nord Justin, Bayern, Germany
Peschstr. 34a, 5 OG, 85605, Bad Lukas, Niedersachsen, Germany
Gerichtsstr. 4, Zimmer 609, 94847, Neu Amiraburg, Thüringen, Germany
Mettlacher Str. 12, 1 OG, 01233, Nord Jim, Brandenburg, Germany
St. Ingberter Str. 7, 7 OG, 45700, Marieland, Baden-Württemberg, Germany
Gutenbergstr. 56c, 4 OG, 00263, Süd Tizianscheid, Sachsen-Anhalt, Germany
Atzlenbacher Str. 24b, Zimmer 097, 63995, Arvidburg, Hessen, Germany
Kantstr. 85c, 9 OG, 28290, Mikadorf, Hessen, Germany
Weißenseestr. 95a, Apt. 238, 17516, Michaeladorf, Nordrhein-Westfalen, Germany
Merziger Str. 24a, 7 OG, 92609, West Amanda, Niedersachsen, Germany
Jenaer Str. 72a, 8 OG, 80983, Alizadehdorf, Mecklenburg-Vorpommern, Germany
Am Gesundheitspark 14, Zimmer 780, 45926, Bad Charlie, Berlin, Germany
Distelkamp 11c, Zimmer 410, 23366, Abeldorf, Sachsen-Anhalt, Germany
Ober dem Hof 93b, 9 OG, 43973, Nord Lara, Berlin, Germany
Quettinger Str. 04, 6 OG, 37418, Marlenland, Nordrhein-Westfalen, Germany
Heinrich-Heine-Str. 05a, 2 OG, 32261, Juststadt, Baden-Württemberg, Germany
Weinhäuser Str. 876, Zimmer 786, 00902, Alt Karla, Rheinland-Pfalz, Germany
Stixchesstr. 389, Apt. 930, 36673, Tanjascheid, Nordrhein-Westfalen, Germany
Stralsunder Str. 79, 9 OG, 95676, Sutschetland, Niedersachsen, Germany
Schöllerstr. 07, 4 OG, 63286, Neu Joy, Berlin, Germany
Piet-Mondrian-Str. 40c, Apt. 887, 98883, Baranland, Baden-Württemberg, Germany
Lurchenweg 465, Apt. 236, 04093, Süd Danadorf, Mecklenburg-Vorpommern, Germany
Helmestr. 7, 1 OG, 49345, Knollstadt, Saarland, Germany
Karl-Bosch-Str. 39b, Apt. 303, 82436, Süd Evelin, Schleswig-Holstein, Germany
Wiebertshof 976, Zimmer 080, 69653, Bad Jordanland, Rheinland-Pfalz, Germany
Kuhlmannweg 79a, Zimmer 205, 50920, Ericland, Rheinland-Pfalz, Germany
Mauspfad 763, Zimmer 955, 76692, Lieboldscheid, Mecklenburg-Vorpommern, Germany
Jacob-Fröhlen-Str. 550, Zimmer 264, 58230, Wurmdorf, Hamburg, Germany
Gronenborner Weg 93b, Apt. 382, 63335, Ost Kilianscheid, Baden-Württemberg, Germany
Fontanestr. 49, Apt. 602, 48452, Zintlstadt, Nordrhein-Westfalen, Germany
Köpenicker Str. 6, 9 OG, 92640, Rauburg, Bremen, Germany
Driescher Hecke 72c, Apt. 955, 64583, Gersonland, Sachsen-Anhalt, Germany
Unter dem Schildchen 76b, 4 OG, 98082, Schaffarzikland, Rheinland-Pfalz, Germany
Neustadtstr. 496, Zimmer 058, 81216, Süd Aaliyah, Rheinland-Pfalz, Germany
Görresstr. 04c, Apt. 909, 04935, Ost Helen, Hamburg, Germany
Ackerweg 60, Zimmer 427, 92539, West Noelland, Baden-Württemberg, Germany
Gezelinallee 85b, 1 OG, 73578, West Josephine, Bayern, Germany
Adolf-Baeyer-Str. 7, Zimmer 441, 82262, Alessiastadt, Mecklenburg-Vorpommern, Germany
Flabbenhäuschen 51b, 5 OG, 87940, Nord Annabelland, Mecklenburg-Vorpommern, Germany
An der Robertsburg 9, 0 OG, 38467, Nord Svenja, Rheinland-Pfalz, Germany
Heymannstr. 5, Zimmer 785, 43653, Heidistadt, Mecklenburg-Vorpommern, Germany
Kölner Gasse 395, 6 OG, 27683, Rafaelburg, Thüringen, Germany
Zauberkuhle 14b, Apt. 285, 23619, Moritzdorf, Bayern, Germany
Schleiermacherstr. 07c, 4 OG, 94614, Janinscheid, Bayern, Germany
Rheindorfer Str. 74a, 3 OG, 93578, Domenikburg, Thüringen, Germany
Adalbertstr. 50b, 7 OG, 16990, West Thaliadorf, Bremen, Germany
Julius-Leber-Str. 13, 4 OG, 06867, West Elinastadt, Bremen, Germany