ul. Witczak 9895, Apt. 912, 88-682, Miastko, Warmińsko-mazurskie, Poland
ul. Rutkowski 981, Suite 916, 59-564, Alwernia, Kujawsko-pomorskie, Poland
al. Polak 18901, Apt. 774, 65-982, Alwernia, Kujawsko-pomorskie, Poland
ul. Pieczek 990, Suite 161, 81-910, Gozdnica, Lubuskie, Poland
ul. Kiełbasa 6048, Apt. 858, 37-232, Żyrardów, Pomorskie, Poland
al. Wypych 89421, Suite 856, 42-035, Czaplinek, Warmińsko-mazurskie, Poland
al. Dobosz 574, Apt. 884, 38-060, Sosnowiec, Lubelskie, Poland
ul. Zięba 5476, Apt. 334, 21-231, Karpacz, Lubuskie, Poland
al. Walczak 47253, Suite 382, 49-477, Żerków, Lubuskie, Poland
al. Herman 5059, Apt. 893, 39-363, Iłowa, Kujawsko-pomorskie, Poland
al. Zięba 759, Suite 486, 99-545, Myszyniec, Podkarpackie, Poland
al. Dobrowolski 63026, Apt. 840, 33-659, Maków Podhalański, Podkarpackie, Poland
ul. Szatkowski 513, Suite 445, 67-993, Łapy, Dolnośląskie, Poland
al. Filipiak 91596, Apt. 831, 52-064, Głogów Małopolski, Podkarpackie, Poland
ul. Janik 41890, Suite 970, 66-790, Świebodzice, Wielkopolskie, Poland
al. Pluta 1826, Apt. 350, 45-351, Sianów, Dolnośląskie, Poland
ul. Matysiak 70259, Suite 283, 28-251, Świerzawa, Pomorskie, Poland
ul. Augustyniak 73610, Suite 084, 20-387, Poniatowa, Mazowieckie, Poland
ul. Czechowski 94817, Apt. 045, 92-740, Brzeziny, Śląskie, Poland
al. Wróbel 19935, Apt. 851, 69-435, Kąty Wrocławskie, Podkarpackie, Poland
al. Sowiński 27600, Suite 679, 44-199, Pabianice, Śląskie, Poland
ul. Majewski 752, Apt. 546, 92-274, Opole Lubelskie, Dolnośląskie, Poland
al. Sieradzki 201, Apt. 197, 47-045, Rymanów, Opolskie, Poland
ul. Grzesiak 87930, Apt. 016, 71-516, Starachowice, Mazowieckie, Poland
al. Bielawski 494, Suite 305, 73-833, Kostrzyn, Lubelskie, Poland
ul. Socha 740, Apt. 068, 47-767, Leśnica, Podlaskie, Poland
al. Kujawski 7062, Suite 593, 06-596, Jordanów, Zachodniopomorskie, Poland
ul. Turek 18734, Suite 641, 13-171, Dęblin, Łódzkie, Poland
al. Janicki 93910, Apt. 600, 48-711, Rumia, Zachodniopomorskie, Poland
ul. Pietrzyk 061, Suite 531, 39-996, Gryfino, Lubuskie, Poland
ul. Wróbel 046, Apt. 216, 55-414, Gniewkowo, Opolskie, Poland
ul. Dąbkowski 13685, Suite 981, 60-688, Bełchatów, Warmińsko-mazurskie, Poland
ul. Kowalski 771, Suite 913, 41-492, Maszewo, Małopolskie, Poland
ul. Kuchta 2197, Apt. 837, 84-643, Błaszki, Śląskie, Poland
al. Popławski 24304, Apt. 915, 47-759, Jedwabne, Łódzkie, Poland
al. Zielonka 42667, Suite 565, 67-793, Włocławek, Dolnośląskie, Poland
al. Broda 96488, Apt. 256, 91-688, Skórcz, Opolskie, Poland
al. Krajewski 402, Suite 461, 24-958, Miłakowo, Podlaskie, Poland
ul. Pakuła 4072, Suite 790, 12-089, Błonie, Kujawsko-pomorskie, Poland
ul. Baran 80357, Apt. 390, 43-823, Sobótka, Warmińsko-mazurskie, Poland
ul. Tomala 987, Apt. 115, 40-372, Braniewo, Świętokrzyskie, Poland
al. Więckowski 4092, Apt. 259, 54-511, Czarna Białostocka, Dolnośląskie, Poland
al. Skalski 99734, Suite 962, 99-861, Zielonka, Pomorskie, Poland
ul. Majchrzak 13663, Apt. 289, 10-151, Głowno, Zachodniopomorskie, Poland
al. Łukasiewicz 708, Suite 855, 77-479, Siechnice, Opolskie, Poland
ul. Kurowski 2116, Apt. 169, 77-858, Trzciel, Małopolskie, Poland
ul. Gajewski 718, Apt. 403, 38-125, Mirsk, Lubelskie, Poland
ul. Gil 04584, Suite 119, 59-769, Oświęcim, Podkarpackie, Poland
ul. Mikulski 5230, Apt. 026, 54-208, Strumień, Wielkopolskie, Poland
al. Kołodziejczyk 6932, Apt. 133, 17-457, Nasielsk, Opolskie, Poland
ul. Buczek 28029, Apt. 641, 69-657, Płoty, Świętokrzyskie, Poland
al. Michałowski 7743, Suite 733, 38-441, Świdnik, Opolskie, Poland
ul. Frączek 067, Apt. 934, 93-026, Darłowo, Wielkopolskie, Poland
ul. Milewski 34700, Apt. 927, 44-999, Kostrzyn, Mazowieckie, Poland
ul. Świątek 088, Apt. 292, 02-319, Nowy Staw, Kujawsko-pomorskie, Poland
ul. Krzemiński 408, Apt. 281, 60-493, Margonin, Wielkopolskie, Poland
ul. Niedzielski 073, Suite 720, 20-370, Luboń, Lubuskie, Poland
al. Jagiełło 585, Suite 099, 84-348, Piotrków Kujawski, Wielkopolskie, Poland
al. Żukowski 046, Apt. 297, 96-826, Wyrzysk, Małopolskie, Poland
al. Pawlikowski 98654, Suite 300, 48-032, Jeziorany, Łódzkie, Poland
ul. Pytel 792, Suite 782, 52-790, Sulejów, Dolnośląskie, Poland
al. Kiełbasa 80480, Suite 609, 28-525, Wąchock, Pomorskie, Poland
al. Rybarczyk 64235, Apt. 670, 45-093, Zgorzelec, Zachodniopomorskie, Poland
ul. Filipek 125, Suite 161, 19-974, Świnoujście, Małopolskie, Poland
al. Sokołowski 22906, Apt. 141, 17-114, Kalety, Lubelskie, Poland
al. Czaja 247, Suite 401, 58-326, Kłobuck, Lubuskie, Poland
al. Krysiak 21664, Apt. 450, 53-839, Piaski, Podkarpackie, Poland
al. Dudziński 33124, Apt. 587, 16-426, Rajgród, Dolnośląskie, Poland
al. Piórkowski 642, Suite 861, 63-679, Głuszyca, Podlaskie, Poland
al. Dębski 1468, Suite 986, 32-582, Opatów, Śląskie, Poland
al. Kita 411, Apt. 163, 99-234, Bolesławiec, Podkarpackie, Poland
ul. Gałązka 746, Suite 825, 28-813, Radomsko, Pomorskie, Poland
al. Piasecki 9758, Apt. 477, 28-549, Strzyżów, Lubuskie, Poland
al. Kalisz 98149, Suite 603, 57-805, Golub-Dobrzyń, Podkarpackie, Poland
al. Sołtysiak 754, Apt. 103, 80-280, Szczytna, Świętokrzyskie, Poland
al. Banaś 2815, Apt. 804, 92-824, Przeworsk, Pomorskie, Poland
al. Sobolewski 3540, Suite 861, 67-536, Szamocin, Mazowieckie, Poland
al. Jurkiewicz 809, Apt. 527, 28-838, Zamość, Lubuskie, Poland
al. Stachura 970, Apt. 897, 90-242, Brwinów, Świętokrzyskie, Poland
ul. Gwoździk 28837, Apt. 275, 94-882, Dobrodzień, Opolskie, Poland
al. Piechota 823, Apt. 417, 15-497, Dynów, Śląskie, Poland
ul. Sowiński 36829, Apt. 669, 69-567, Kowalewo Pomorskie, Lubelskie, Poland
ul. Drabik 1170, Apt. 972, 08-160, Ogrodzieniec, Kujawsko-pomorskie, Poland
al. Kita 56631, Suite 583, 95-718, Sosnowiec, Mazowieckie, Poland
ul. Jędrzejczyk 491, Apt. 475, 17-438, Szydłowiec, Mazowieckie, Poland
ul. Lipski 887, Suite 006, 47-559, Zabłudów, Kujawsko-pomorskie, Poland
al. Kaczyński 53163, Apt. 193, 80-367, Kobyłka, Łódzkie, Poland
al. Skowron 807, Apt. 388, 26-524, Sztum, Małopolskie, Poland
al. Górski 6625, Apt. 212, 09-615, Łowicz, Pomorskie, Poland
al. Skrzypczak 084, Suite 163, 16-308, Toruń, Kujawsko-pomorskie, Poland
al. Zagórski 8280, Apt. 511, 73-629, Rydzyna, Kujawsko-pomorskie, Poland
ul. Janik 691, Apt. 579, 45-050, Ustka, Podkarpackie, Poland
ul. Adamczak 65352, Apt. 552, 15-811, Skoczów, Mazowieckie, Poland
ul. Andrzejewski 408, Apt. 205, 49-629, Chełmno, Podkarpackie, Poland
al. Cybulski 20758, Apt. 619, 36-347, Oświęcim, Lubelskie, Poland
al. Szymkowiak 556, Apt. 299, 58-006, Parczew, Świętokrzyskie, Poland
ul. Surma 70146, Suite 094, 40-411, Brok, Lubuskie, Poland
ul. Miśkiewicz 53041, Suite 869, 51-753, Międzyrzec Podlaski, Mazowieckie, Poland
al. Jagielski 75056, Apt. 721, 03-854, Koprzywnica, Podkarpackie, Poland
al. Kowalczyk 2802, Suite 691, 92-148, Bieżuń, Kujawsko-pomorskie, Poland
al. Stefański 046, Apt. 551, 38-667, Aleksandrów Kujawski, Łódzkie, Poland
ul. Gajewski 4556, Suite 559, 57-049, Krosno, Zachodniopomorskie, Poland
al. Kaczmarek 216, Apt. 007, 41-413, Ożarów, Łódzkie, Poland
al. Gruszka 81251, Apt. 819, 42-191, Jedwabne, Dolnośląskie, Poland
al. Szczęsny 42225, Suite 197, 08-783, Kańczuga, Zachodniopomorskie, Poland
al. Brzozowski 76728, Suite 947, 96-514, Pszów, Podlaskie, Poland
ul. Małek 586, Apt. 951, 88-899, Grabów nad Prosną, Lubelskie, Poland
ul. Majcher 28823, Apt. 484, 86-059, Dobra (powiat turecki), Podkarpackie, Poland
ul. Fijałkowski 723, Suite 695, 26-726, Łaziska Górne, Lubuskie, Poland
ul. Matuszewski 266, Apt. 598, 61-490, Leśnica, Opolskie, Poland
al. Jurkowski 755, Apt. 341, 59-501, Zakopane, Świętokrzyskie, Poland
al. Kowal 15716, Apt. 585, 67-419, Głogówek, Świętokrzyskie, Poland
al. Sikorski 528, Apt. 766, 02-646, Oborniki Śląskie, Warmińsko-mazurskie, Poland
ul. Frątczak 6032, Suite 868, 37-765, Połczyn-Zdrój, Pomorskie, Poland
ul. Czajkowski 1115, Apt. 062, 28-142, Mysłowice, Kujawsko-pomorskie, Poland
ul. Jaros 244, Apt. 559, 27-828, Międzyrzecz, Wielkopolskie, Poland
al. Walkowiak 56484, Apt. 097, 93-649, Ciężkowice, Śląskie, Poland
ul. Kaczmarek 35043, Apt. 608, 66-622, Kąty Wrocławskie, Łódzkie, Poland
al. Marczak 77213, Suite 692, 16-331, Radzionków, Podlaskie, Poland
ul. Gałązka 2087, Apt. 115, 33-751, Pakość, Podkarpackie, Poland
al. Jóźwik 976, Suite 319, 10-435, Sompolno, Lubelskie, Poland
ul. Popławski 17468, Suite 750, 33-011, Chorzele, Małopolskie, Poland
ul. Podgórski 5960, Apt. 035, 89-643, Duszniki-Zdrój, Lubuskie, Poland
al. Stachowiak 79443, Suite 878, 35-859, Tyszowce, Lubuskie, Poland
ul. Żyła 4295, Suite 635, 01-949, Zelów, Warmińsko-mazurskie, Poland
al. Górka 07999, Apt. 082, 31-502, Świdnica, Zachodniopomorskie, Poland
al. Jędrzejczak 612, Suite 287, 80-060, Milicz, Łódzkie, Poland
ul. Kobus 563, Suite 163, 66-686, Pińczów, Warmińsko-mazurskie, Poland
ul. Ratajczak 769, Suite 171, 41-504, Szczecin, Świętokrzyskie, Poland
al. Głogowski 6675, Apt. 563, 27-973, Słubice, Zachodniopomorskie, Poland
ul. Czajkowski 37351, Apt. 277, 34-134, Tarnobrzeg, Śląskie, Poland
al. Grzesik 1480, Apt. 537, 06-711, Karpacz, Lubuskie, Poland
al. Gadomski 921, Apt. 402, 46-936, Krapkowice, Zachodniopomorskie, Poland
ul. Krupiński 03261, Suite 279, 52-140, Giżycko, Lubelskie, Poland
al. Domagała 7385, Suite 662, 13-726, Poddębice, Podlaskie, Poland
al. Jasiński 759, Suite 168, 84-129, Przemyśl, Podlaskie, Poland
al. Gajewski 5099, Apt. 227, 23-900, Stoczek Łukowski, Kujawsko-pomorskie, Poland
ul. Królikowski 9972, Suite 940, 14-458, Kąty Wrocławskie, Dolnośląskie, Poland
ul. Chudzik 27998, Apt. 263, 45-682, Mirsk, Zachodniopomorskie, Poland
ul. Kacprzak 4415, Suite 533, 87-085, Pieńsk, Świętokrzyskie, Poland
al. Adamczyk 6384, Apt. 402, 69-541, Pieńsk, Pomorskie, Poland
al. Kuciński 7424, Apt. 986, 11-874, Chełmża, Pomorskie, Poland
al. Maliszewski 27784, Suite 774, 34-431, Gryfice, Wielkopolskie, Poland
al. Barański 513, Apt. 121, 59-712, Warta, Pomorskie, Poland
al. Pietras 9782, Suite 051, 64-071, Tychy, Śląskie, Poland
al. Kujawa 70002, Suite 065, 20-794, Braniewo, Łódzkie, Poland
ul. Rosiak 12197, Apt. 035, 37-454, Myszków, Mazowieckie, Poland
ul. Janusz 181, Suite 763, 74-464, Nowa Dęba, Mazowieckie, Poland
ul. Jagielski 23112, Apt. 441, 05-356, Tarnów, Opolskie, Poland
al. Gwóźdź 90192, Apt. 500, 11-500, Jastrzębie-Zdrój, Opolskie, Poland
ul. Karczewski 67875, Suite 605, 85-034, Lwówek, Wielkopolskie, Poland
al. Lewicki 4264, Apt. 180, 87-741, Milanówek, Dolnośląskie, Poland
al. Zaborowski 885, Suite 094, 75-231, Nowe Brzesko, Warmińsko-mazurskie, Poland
al. Malec 836, Apt. 928, 83-788, Zagórów, Pomorskie, Poland
ul. Leszczyński 09614, Apt. 303, 60-177, Mrągowo, Pomorskie, Poland
ul. Szatkowski 9589, Apt. 454, 73-022, Nowy Wiśnicz, Wielkopolskie, Poland
ul. Cholewa 261, Apt. 024, 66-006, Blachownia, Świętokrzyskie, Poland
ul. Stefaniak 870, Suite 563, 07-270, Barlinek, Podkarpackie, Poland
ul. Chojnowski 227, Apt. 431, 88-106, Skała, Podlaskie, Poland
al. Wolny 0950, Suite 708, 24-206, Sokołów Małopolski, Świętokrzyskie, Poland
ul. Serafin 42837, Apt. 064, 35-535, Zwoleń, Opolskie, Poland
al. Wilk 788, Suite 576, 17-632, Rejowiec Fabryczny, Warmińsko-mazurskie, Poland
ul. Izdebski 737, Suite 885, 26-172, Środa Wielkopolska, Dolnośląskie, Poland
al. Zwoliński 801, Apt. 693, 76-916, Aleksandrów Kujawski, Świętokrzyskie, Poland
al. Janiszewski 15652, Apt. 754, 47-588, Janów Lubelski, Podlaskie, Poland
ul. Sadowski 94211, Apt. 011, 43-838, Ogrodzieniec, Małopolskie, Poland
ul. Orłowski 62645, Suite 723, 56-375, Toruń, Pomorskie, Poland
ul. Płonka 8223, Apt. 538, 17-215, Bolków, Kujawsko-pomorskie, Poland
al. Wąsik 1955, Apt. 825, 83-705, Czeladź, Podkarpackie, Poland
al. Janiszewski 473, Suite 967, 97-828, Chrzanów, Kujawsko-pomorskie, Poland
al. Jagodziński 5649, Suite 170, 39-649, Dzierżoniów, Wielkopolskie, Poland
ul. Szczęsny 2808, Apt. 868, 30-553, Prusice, Mazowieckie, Poland
ul. Konopka 215, Suite 763, 93-029, Choszczno, Świętokrzyskie, Poland
al. Lipiński 95995, Suite 695, 05-712, Biała Rawska, Łódzkie, Poland
al. Ziętek 56666, Suite 727, 75-319, Kęty, Pomorskie, Poland
ul. Barański 39026, Suite 720, 96-484, Mogielnica, Wielkopolskie, Poland
al. Paluch 04845, Apt. 021, 93-449, Czarna Białostocka, Warmińsko-mazurskie, Poland
al. Gałka 83688, Suite 851, 04-049, Ostrzeszów, Warmińsko-mazurskie, Poland
al. Rosiak 7635, Suite 298, 77-434, Stoczek Łukowski, Dolnośląskie, Poland
al. Frątczak 9819, Apt. 910, 77-084, Drawno, Lubuskie, Poland
ul. Skibiński 813, Apt. 599, 05-768, Przemyśl, Pomorskie, Poland
ul. Wilczek 79173, Suite 675, 00-599, Kostrzyn, Dolnośląskie, Poland
al. Lipiński 1564, Apt. 473, 69-833, Nowy Sącz, Warmińsko-mazurskie, Poland
al. Kaźmierczak 154, Suite 498, 91-216, Chełm, Opolskie, Poland
ul. Bąk 89148, Apt. 776, 89-193, Środa Śląska, Dolnośląskie, Poland
ul. Marchewka 2356, Suite 111, 62-214, Koronowo, Świętokrzyskie, Poland
ul. Urbanowicz 08832, Suite 958, 83-420, Chęciny, Zachodniopomorskie, Poland
ul. Urbański 894, Apt. 242, 75-024, Ożarów Mazowiecki, Kujawsko-pomorskie, Poland
al. Flis 225, Suite 770, 03-536, Recz, Wielkopolskie, Poland
ul. Jankowski 25282, Suite 514, 47-704, Solec Kujawski, Dolnośląskie, Poland
al. Żurek 719, Suite 458, 47-329, Gołańcz, Dolnośląskie, Poland
al. Sadowski 33744, Apt. 203, 89-256, Nowe Skalmierzyce, Kujawsko-pomorskie, Poland
ul. Wojciechowski 71813, Suite 215, 75-667, Żarów, Opolskie, Poland
al. Leszczyński 538, Suite 303, 66-519, Lędziny, Zachodniopomorskie, Poland
al. Ossowski 4265, Apt. 747, 90-629, Kudowa-Zdrój, Lubelskie, Poland
ul. Bednarczyk 8993, Apt. 824, 42-254, Ostrzeszów, Podlaskie, Poland
al. Ratajczak 702, Suite 287, 67-314, Ryn, Śląskie, Poland
ul. Matuszak 73224, Suite 513, 00-653, Jastrzębie-Zdrój, Kujawsko-pomorskie, Poland
ul. Bagiński 88470, Suite 737, 68-021, Kańczuga, Zachodniopomorskie, Poland
al. Kosowski 739, Apt. 666, 84-939, Skoki, Wielkopolskie, Poland
al. Woliński 89232, Apt. 708, 32-632, Jastrowie, Łódzkie, Poland
al. Mazurek 050, Apt. 439, 29-565, Świdnik, Podlaskie, Poland
ul. Piłat 611, Apt. 304, 76-319, Gniezno, Mazowieckie, Poland
al. Bednarczyk 08449, Apt. 983, 01-766, Żyrardów, Lubuskie, Poland
ul. Wasilewski 3762, Apt. 209, 52-133, Chełm, Śląskie, Poland
al. Bąkowski 6883, Suite 063, 89-290, Dobczyce, Łódzkie, Poland
ul. Filipek 95266, Apt. 529, 52-220, Karlino, Opolskie, Poland
ul. Mroczkowski 0994, Apt. 867, 26-837, Karlino, Małopolskie, Poland
ul. Świątek 1280, Suite 239, 23-467, Świdnik, Lubuskie, Poland
ul. Zych 25125, Apt. 463, 80-264, Piaseczno, Lubuskie, Poland
al. Adamczak 3341, Suite 726, 30-030, Trzcińsko-Zdrój, Warmińsko-mazurskie, Poland
al. Książek 78293, Suite 956, 86-388, Mieszkowice, Mazowieckie, Poland
al. Błaszczyk 216, Apt. 058, 15-763, Ujście, Kujawsko-pomorskie, Poland
ul. Jakubiak 31585, Suite 074, 10-287, Sobótka, Lubelskie, Poland
al. Szewczyk 100, Suite 326, 66-789, Boguchwała, Mazowieckie, Poland
al. Kamiński 0922, Suite 168, 08-607, Krynki, Opolskie, Poland
al. Adamczak 602, Apt. 145, 84-111, Bisztynek, Lubelskie, Poland
al. Leszczyński 0966, Suite 798, 16-688, Iłża, Podkarpackie, Poland
al. Sikorski 8283, Suite 199, 23-810, Kuźnia Raciborska, Śląskie, Poland
al. Matuszewski 97661, Apt. 973, 09-275, Węgrów, Śląskie, Poland
al. Kruk 594, Apt. 762, 41-893, Strzegom, Zachodniopomorskie, Poland
ul. Janiak 8587, Apt. 398, 94-802, Ustka, Lubuskie, Poland
ul. Trzciński 27392, Suite 750, 29-643, Gozdnica, Pomorskie, Poland
al. Pałka 097, Apt. 547, 85-652, Sławków, Podkarpackie, Poland
ul. Murawski 892, Suite 593, 46-828, Rzepin, Łódzkie, Poland
al. Kaczorowski 8828, Apt. 046, 82-161, Wolbórz, Pomorskie, Poland
ul. Żebrowski 33192, Suite 395, 46-505, Gryfów Śląski, Łódzkie, Poland
al. Pawlikowski 419, Apt. 943, 47-493, Jutrosin, Warmińsko-mazurskie, Poland
al. Graczyk 166, Apt. 359, 00-870, Wysoka, Dolnośląskie, Poland
al. Jabłoński 39833, Apt. 932, 45-216, Iwonicz-Zdrój, Małopolskie, Poland
ul. Nowacki 02393, Apt. 358, 70-646, Dobczyce, Świętokrzyskie, Poland
al. Gąsiorowski 221, Apt. 805, 34-006, Kozienice, Mazowieckie, Poland
al. Chojnowski 5672, Apt. 588, 14-901, Żukowo, Świętokrzyskie, Poland
ul. Kisiel 0587, Suite 570, 55-271, Oleszyce, Małopolskie, Poland
al. Kołodziej 226, Suite 564, 38-493, Byczyna, Dolnośląskie, Poland
al. Twardowski 236, Suite 347, 93-425, Błażowa, Lubelskie, Poland
al. Król 456, Suite 815, 80-838, Poniatowa, Zachodniopomorskie, Poland
ul. Jurek 40086, Suite 840, 66-340, Drawno, Lubuskie, Poland
ul. Cybulski 16281, Apt. 337, 18-993, Mikstat, Warmińsko-mazurskie, Poland
ul. Cybulski 1160, Suite 915, 23-355, Młynary, Podkarpackie, Poland
ul. Skiba 56660, Apt. 424, 71-226, Otwock, Pomorskie, Poland
ul. Słowiński 5623, Apt. 771, 98-065, Słupca, Lubelskie, Poland
al. Kalinowski 511, Apt. 506, 59-948, Sławków, Lubuskie, Poland
al. Strzelecki 4517, Suite 390, 66-352, Młynary, Świętokrzyskie, Poland
ul. Pilch 6853, Suite 462, 38-134, Ostrowiec Świętokrzyski, Lubuskie, Poland
al. Wilczyński 5140, Apt. 227, 84-677, Brodnica, Łódzkie, Poland
ul. Maciejewski 5629, Apt. 309, 22-784, Węgrów, Pomorskie, Poland
al. Sosnowski 574, Suite 177, 02-201, Kisielice, Świętokrzyskie, Poland
ul. Niemiec 285, Suite 899, 89-258, Szczytna, Świętokrzyskie, Poland
al. Białek 8010, Apt. 366, 89-650, Zwoleń, Podkarpackie, Poland
al. Suski 9032, Apt. 702, 07-324, Lubniewice, Podlaskie, Poland
al. Jurkiewicz 80420, Apt. 249, 33-706, Brusy, Lubelskie, Poland
ul. Buczek 1878, Apt. 546, 36-157, Szlichtyngowa, Podkarpackie, Poland
ul. Żebrowski 69500, Suite 524, 73-482, Kościerzyna, Warmińsko-mazurskie, Poland
ul. Polak 347, Suite 752, 03-007, Sosnowiec, Warmińsko-mazurskie, Poland
al. Bednarski 730, Suite 969, 33-791, Jędrzejów, Lubelskie, Poland
ul. Radecki 802, Suite 272, 63-617, Krośniewice, Zachodniopomorskie, Poland
al. Bielawski 116, Apt. 910, 32-507, Częstochowa, Lubelskie, Poland
ul. Czekaj 335, Suite 217, 55-454, Stęszew, Świętokrzyskie, Poland
al. Pająk 83524, Apt. 135, 90-841, Góra Kalwaria, Dolnośląskie, Poland
ul. Kamiński 96303, Apt. 569, 46-659, Zwoleń, Świętokrzyskie, Poland
al. Szeląg 529, Suite 084, 29-498, Kostrzyn, Śląskie, Poland
ul. Andrzejczak 51177, Apt. 282, 60-544, Dąbrowa Górnicza, Kujawsko-pomorskie, Poland
ul. Malinowski 046, Apt. 569, 64-047, Błażowa, Warmińsko-mazurskie, Poland
ul. Ziółkowski 44867, Suite 534, 35-977, Jedlina-Zdrój, Warmińsko-mazurskie, Poland
al. Zaręba 29641, Suite 340, 13-624, Dukla, Lubuskie, Poland
al. Marzec 2359, Apt. 946, 89-475, Starachowice, Podkarpackie, Poland
al. Koper 0448, Apt. 263, 02-156, Działoszyn, Małopolskie, Poland
ul. Orłowski 1522, Apt. 748, 32-768, Małogoszcz, Pomorskie, Poland
ul. Banasik 06494, Suite 232, 21-638, Koluszki, Pomorskie, Poland
al. Małek 8449, Apt. 535, 07-538, Żerków, Mazowieckie, Poland
al. Dobrowolski 0863, Suite 908, 38-520, Krosno, Łódzkie, Poland
ul. Buczkowski 3265, Apt. 606, 50-863, Dębica, Dolnośląskie, Poland
al. Buczyński 0234, Apt. 505, 46-485, Pieszyce, Dolnośląskie, Poland
al. Kaczyński 0351, Suite 684, 15-724, Serock, Lubelskie, Poland
ul. Witek 4066, Suite 609, 43-666, Tuczno, Mazowieckie, Poland
al. Kruszewski 757, Suite 714, 49-597, Knyszyn, Zachodniopomorskie, Poland
al. Pieczek 898, Suite 479, 02-495, Mrągowo, Lubuskie, Poland
ul. Bąkowski 86969, Suite 770, 26-979, Olecko, Kujawsko-pomorskie, Poland
al. Palacz 7011, Suite 429, 04-753, Pieszyce, Świętokrzyskie, Poland
ul. Cybulski 07519, Apt. 956, 86-172, Dobra (powiat łobeski), Świętokrzyskie, Poland
ul. Mrozek 6319, Suite 915, 50-928, Ostrów Lubelski, Opolskie, Poland
ul. Krukowski 41247, Suite 968, 03-064, Siemiatycze, Warmińsko-mazurskie, Poland
ul. Pytel 2546, Apt. 182, 73-128, Nowy Wiśnicz, Łódzkie, Poland
ul. Lewandowski 896, Suite 699, 76-545, Mońki, Podkarpackie, Poland
ul. Skibiński 1829, Apt. 841, 06-244, Chojnów, Lubuskie, Poland
ul. Zawada 00764, Apt. 798, 86-294, Wieluń, Śląskie, Poland
ul. Kmiecik 53977, Suite 350, 24-835, Ujazd, Zachodniopomorskie, Poland
al. Zwoliński 89772, Apt. 816, 30-586, Węgorzewo, Pomorskie, Poland
ul. Pawelec 85380, Apt. 981, 72-524, Świętochłowice, Warmińsko-mazurskie, Poland
al. Gołąb 79531, Apt. 856, 53-197, Izbica Kujawska, Kujawsko-pomorskie, Poland
al. Szczepański 96833, Suite 305, 63-633, Miłomłyn, Wielkopolskie, Poland
al. Filipek 454, Suite 892, 27-844, Żychlin, Podkarpackie, Poland
ul. Karczewski 7980, Apt. 939, 09-063, Buk, Podlaskie, Poland
al. Piwowarczyk 95072, Suite 416, 13-393, Grudziądz, Podkarpackie, Poland
al. Szczepański 77531, Apt. 071, 17-371, Kożuchów, Świętokrzyskie, Poland
al. Stachura 91481, Suite 533, 71-099, Włodawa, Małopolskie, Poland
al. Herman 358, Apt. 769, 02-553, Wisła, Opolskie, Poland
ul. Górecki 9273, Apt. 134, 21-064, Radymno, Podlaskie, Poland
ul. Wójcik 083, Apt. 820, 98-239, Iłowa, Kujawsko-pomorskie, Poland
al. Czarnecki 099, Apt. 280, 78-704, Trzebinia, Lubuskie, Poland
ul. Lech 70932, Suite 715, 86-381, Wysokie Mazowieckie, Podkarpackie, Poland
al. Żukowski 8241, Suite 333, 60-428, Górowo Iławeckie, Kujawsko-pomorskie, Poland
ul. Szulc 93525, Suite 290, 08-848, Pszczyna, Świętokrzyskie, Poland
al. Frączek 10368, Suite 611, 94-543, Olkusz, Pomorskie, Poland
al. Żebrowski 3864, Apt. 139, 51-978, Mogielnica, Warmińsko-mazurskie, Poland
al. Leśniak 05487, Apt. 785, 65-254, Oborniki Śląskie, Warmińsko-mazurskie, Poland
ul. Krawiec 221, Apt. 131, 61-204, Miechów, Opolskie, Poland
al. Kopeć 22825, Suite 779, 50-439, Krośniewice, Dolnośląskie, Poland
ul. Musiał 07847, Apt. 491, 98-835, Jeziorany, Warmińsko-mazurskie, Poland
ul. Bagiński 6767, Apt. 500, 58-972, Słomniki, Małopolskie, Poland
al. Jakubowski 655, Apt. 608, 48-088, Wronki, Lubuskie, Poland
ul. Stępień 59962, Apt. 090, 75-273, Choroszcz, Małopolskie, Poland
al. Białek 747, Apt. 759, 98-558, Nowe Brzesko, Kujawsko-pomorskie, Poland
al. Januszewski 67173, Suite 687, 07-932, Krajenka, Lubelskie, Poland
ul. Wypych 550, Suite 019, 83-243, Konstancin-Jeziorna, Zachodniopomorskie, Poland
ul. Kuś 766, Apt. 883, 44-335, Koziegłowy, Świętokrzyskie, Poland
al. Żuk 870, Suite 246, 14-454, Wadowice, Opolskie, Poland
al. Kwiecień 781, Apt. 369, 05-895, Mława, Kujawsko-pomorskie, Poland
ul. Olczak 12506, Apt. 437, 71-110, Opole Lubelskie, Małopolskie, Poland
ul. Pieczek 86577, Apt. 921, 47-492, Piotrków Trybunalski, Lubelskie, Poland
al. Rak 99484, Apt. 395, 57-948, Szczytna, Lubelskie, Poland
ul. Kaczyński 11241, Suite 447, 44-828, Jastarnia, Kujawsko-pomorskie, Poland
ul. Bednarek 3271, Suite 250, 04-277, Pelplin, Wielkopolskie, Poland
ul. Jaros 054, Apt. 358, 79-368, Reszel, Lubelskie, Poland
ul. Juszczak 6439, Apt. 836, 26-966, Rudnik nad Sanem, Wielkopolskie, Poland
al. Kosiński 358, Apt. 947, 88-638, Trzebinia, Podlaskie, Poland
ul. Kawecki 0030, Apt. 542, 71-519, Raszków, Małopolskie, Poland
ul. Tomaszewski 59106, Suite 631, 13-540, Goniądz, Opolskie, Poland
ul. Janusz 9923, Suite 968, 67-996, Siedlce, Łódzkie, Poland
al. Wysocki 40386, Suite 278, 10-222, Milicz, Podkarpackie, Poland
al. Szymczak 51660, Suite 994, 67-191, Rejowiec Fabryczny, Małopolskie, Poland
al. Bartkowiak 00839, Suite 777, 94-055, Pilzno, Łódzkie, Poland
ul. Lach 75833, Apt. 759, 27-154, Sztum, Podlaskie, Poland
ul. Kołodziej 0340, Apt. 730, 19-642, Chojna, Warmińsko-mazurskie, Poland
ul. Kuczyński 4173, Apt. 988, 15-949, Łaszczów, Świętokrzyskie, Poland
ul. Gwóźdź 058, Suite 670, 05-497, Białystok, Świętokrzyskie, Poland
ul. Stec 416, Apt. 948, 08-939, Chorzele, Łódzkie, Poland
al. Jaworski 956, Suite 788, 73-829, Frampol, Dolnośląskie, Poland
ul. Wąsowski 08145, Apt. 831, 65-115, Leśnica, Świętokrzyskie, Poland
ul. Andrzejczak 72931, Suite 263, 28-643, Olecko, Mazowieckie, Poland
ul. Jastrzębski 89412, Apt. 102, 73-597, Racibórz, Kujawsko-pomorskie, Poland
al. Filipowicz 4155, Apt. 208, 87-797, Kosów Lacki, Świętokrzyskie, Poland
ul. Nowacki 32654, Suite 699, 98-026, Zakopane, Lubuskie, Poland
ul. Stefaniak 72662, Apt. 853, 37-215, Siemianowice Śląskie, Śląskie, Poland
ul. Karwowski 99116, Apt. 021, 70-892, Dzierżoniów, Małopolskie, Poland
ul. Kowalski 89259, Apt. 417, 28-673, Poręba, Pomorskie, Poland
al. Bujak 432, Suite 849, 05-983, Włoszczowa, Świętokrzyskie, Poland
ul. Sosnowski 2954, Apt. 688, 95-019, Szubin, Lubelskie, Poland
ul. Drozdowski 32571, Suite 361, 16-314, Kolbuszowa, Lubelskie, Poland
ul. Rudziński 655, Apt. 893, 23-157, Piła, Śląskie, Poland
ul. Stawicki 307, Suite 274, 08-970, Kobyłka, Opolskie, Poland
ul. Szcześniak 163, Suite 055, 91-688, Kutno, Opolskie, Poland
ul. Wojciechowski 166, Suite 724, 62-212, Obrzycko, Świętokrzyskie, Poland
al. Ciszewski 40711, Apt. 154, 51-723, Międzyrzec Podlaski, Śląskie, Poland
al. Gołębiewski 184, Apt. 912, 86-465, Poniec, Pomorskie, Poland
ul. Lipiński 1325, Apt. 390, 15-456, Bartoszyce, Pomorskie, Poland
ul. Kaźmierczak 4466, Apt. 310, 39-551, Choroszcz, Pomorskie, Poland
ul. Wróblewski 9435, Apt. 033, 09-151, Szczyrk, Lubelskie, Poland
ul. Rybak 5001, Suite 593, 41-419, Kłobuck, Pomorskie, Poland
ul. Muszyński 823, Suite 082, 60-693, Boguszów-Gorce, Warmińsko-mazurskie, Poland
ul. Grzywacz 07189, Suite 019, 17-832, Łaziska Górne, Małopolskie, Poland
ul. Dziuba 4978, Suite 542, 79-788, Nowogrodziec, Mazowieckie, Poland
ul. Buczkowski 6881, Suite 520, 42-629, Oborniki Śląskie, Śląskie, Poland
ul. Frankowski 0909, Apt. 450, 87-279, Głogów Małopolski, Małopolskie, Poland
al. Stanek 600, Apt. 152, 34-057, Bieruń, Podlaskie, Poland
ul. Pietruszka 6250, Suite 932, 47-792, Wronki, Lubuskie, Poland
al. Dębski 0350, Apt. 962, 21-390, Lewin Brzeski, Kujawsko-pomorskie, Poland
al. Augustyn 57712, Suite 728, 86-189, Rzgów, Warmińsko-mazurskie, Poland
ul. Sowiński 424, Suite 667, 80-475, Skarszewy, Lubuskie, Poland
al. Gruszczyński 5123, Suite 438, 31-831, Lublin, Zachodniopomorskie, Poland
ul. Kędzierski 37541, Apt. 808, 43-421, Łobez, Wielkopolskie, Poland
ul. Adamczyk 7922, Apt. 570, 87-540, Płock, Mazowieckie, Poland
ul. Jagodziński 52474, Suite 551, 74-872, Daleszyce, Warmińsko-mazurskie, Poland
ul. Jankowiak 5793, Apt. 430, 29-658, Zgierz, Podkarpackie, Poland
al. Sikora 31525, Suite 085, 87-852, Góra Kalwaria, Łódzkie, Poland
al. Rogalski 76723, Suite 085, 77-442, Chełm, Podlaskie, Poland
ul. Urbańczyk 801, Suite 926, 00-124, Dąbie, Pomorskie, Poland
ul. Piotrowski 9006, Apt. 054, 78-025, Raszków, Podkarpackie, Poland
ul. Sikora 88725, Apt. 360, 77-823, Wysoka, Wielkopolskie, Poland
ul. Duda 8980, Apt. 323, 40-416, Legionowo, Kujawsko-pomorskie, Poland
ul. Leszczyński 1798, Apt. 695, 99-058, Krzywiń, Śląskie, Poland
al. Kot 901, Apt. 477, 56-922, Przedbórz, Małopolskie, Poland
ul. Zarzycki 58120, Apt. 645, 49-110, Pruszków, Pomorskie, Poland
al. Jagiełło 905, Suite 254, 28-653, Brusy, Śląskie, Poland
ul. Kowalczuk 6732, Apt. 978, 05-859, Skępe, Lubelskie, Poland
ul. Janik 364, Apt. 636, 87-278, Wilamowice, Dolnośląskie, Poland
ul. Pilarski 4423, Suite 213, 22-080, Gorzów Śląski, Dolnośląskie, Poland
ul. Mierzejewski 7296, Suite 938, 95-700, Chrzanów, Zachodniopomorskie, Poland
ul. Stasiak 805, Apt. 654, 90-439, Zduny, Mazowieckie, Poland
ul. Kowal 7250, Apt. 956, 79-863, Nowy Tomyśl, Świętokrzyskie, Poland
al. Wąsowski 55731, Apt. 900, 07-582, Zawadzkie, Podkarpackie, Poland
ul. Zakrzewski 2865, Apt. 051, 76-170, Gorlice, Pomorskie, Poland
al. Karaś 618, Apt. 252, 72-711, Lesko, Podkarpackie, Poland
al. Gadomski 4320, Suite 142, 00-746, Międzyrzecz, Lubelskie, Poland
ul. Kwiecień 877, Suite 275, 48-905, Oleśnica, Zachodniopomorskie, Poland
ul. Czechowski 03404, Suite 808, 96-931, Tarnobrzeg, Opolskie, Poland
ul. Jaros 523, Apt. 801, 66-090, Biecz, Mazowieckie, Poland
ul. Jankowiak 727, Suite 885, 88-146, Krasnystaw, Kujawsko-pomorskie, Poland
al. Bąk 670, Apt. 145, 49-101, Lipsko, Podkarpackie, Poland
al. Zygmunt 9964, Apt. 091, 99-563, Złocieniec, Małopolskie, Poland
ul. Nowiński 03555, Apt. 041, 72-357, Szczebrzeszyn, Lubuskie, Poland
ul. Kogut 15189, Suite 812, 22-902, Gozdnica, Podkarpackie, Poland
ul. Bilski 689, Apt. 796, 03-875, Janowiec Wielkopolski, Podkarpackie, Poland
ul. Tomaszewski 60783, Suite 870, 87-696, Trzebinia, Łódzkie, Poland
al. Płonka 97573, Suite 204, 88-713, Strzelin, Świętokrzyskie, Poland
al. Kuciński 573, Suite 236, 45-379, Puck, Zachodniopomorskie, Poland
ul. Kałuża 2320, Suite 476, 43-305, Rzgów, Łódzkie, Poland
ul. Bukowski 69433, Suite 425, 68-089, Kąty Wrocławskie, Świętokrzyskie, Poland
al. Zięba 240, Apt. 892, 00-112, Sulechów, Lubelskie, Poland
ul. Zygmunt 20150, Suite 361, 22-068, Dobiegniew, Dolnośląskie, Poland
ul. Marszałek 03404, Apt. 826, 55-676, Oświęcim, Śląskie, Poland
al. Gawron 469, Suite 137, 24-416, Kielce, Mazowieckie, Poland
al. Nowicki 55474, Apt. 212, 42-360, Supraśl, Opolskie, Poland
ul. Konieczna 4411, Apt. 989, 76-256, Sławno, Małopolskie, Poland
ul. Raczyński 868, Apt. 253, 57-429, Kwidzyn, Łódzkie, Poland
al. Lach 0295, Apt. 356, 38-026, Bieruń, Pomorskie, Poland
al. Raczyński 63672, Suite 298, 55-009, Węgrów, Dolnośląskie, Poland
ul. Michałek 948, Suite 947, 88-131, Murowana Goślina, Lubelskie, Poland
al. Łapiński 897, Apt. 866, 77-234, Skierniewice, Dolnośląskie, Poland
ul. Szwarc 9626, Suite 452, 20-388, Pruszcz Gdański, Podlaskie, Poland
ul. Szwed 3804, Suite 724, 38-952, Piła, Dolnośląskie, Poland
al. Pałka 806, Suite 885, 82-533, Żuromin, Mazowieckie, Poland
ul. Strzelecki 77121, Apt. 130, 53-623, Biała Piska, Śląskie, Poland
ul. Malec 33359, Apt. 172, 64-118, Bełżyce, Świętokrzyskie, Poland
al. Mazurkiewicz 17691, Suite 644, 20-186, Babimost, Mazowieckie, Poland
al. Kaczmarski 9700, Suite 702, 64-151, Rudnik nad Sanem, Pomorskie, Poland
ul. Burzyński 528, Apt. 133, 80-292, Gogolin, Zachodniopomorskie, Poland
ul. Furman 0896, Apt. 254, 47-065, Miastko, Podlaskie, Poland
al. Olejnik 84222, Suite 041, 69-308, Cieszyn, Wielkopolskie, Poland
al. Jurkowski 91857, Apt. 332, 67-223, Golub-Dobrzyń, Opolskie, Poland
al. Kępa 73717, Suite 557, 02-870, Lubraniec, Lubuskie, Poland
ul. Kolasa 990, Suite 222, 41-579, Ryn, Małopolskie, Poland
al. Dębski 31214, Apt. 360, 66-136, Borne Sulinowo, Wielkopolskie, Poland
ul. Bielak 295, Apt. 406, 14-970, Gniewkowo, Kujawsko-pomorskie, Poland
al. Szcześniak 1534, Suite 108, 99-504, Łomianki, Lubelskie, Poland
ul. Jagodziński 78578, Apt. 780, 07-078, Parczew, Mazowieckie, Poland
ul. Szczepaniak 404, Suite 675, 07-768, Korsze, Pomorskie, Poland
al. Gwoździk 13983, Suite 079, 28-342, Kielce, Śląskie, Poland
ul. Banasiak 0315, Suite 568, 15-856, Międzybórz, Podlaskie, Poland
ul. Szeląg 5414, Apt. 080, 36-556, Chęciny, Kujawsko-pomorskie, Poland
ul. Jagielski 53791, Apt. 777, 58-860, Tolkmicko, Lubelskie, Poland
ul. Zięba 3250, Apt. 787, 32-059, Ślesin, Lubuskie, Poland
ul. Bielski 56501, Suite 838, 48-827, Kąty Wrocławskie, Podlaskie, Poland
al. Rosa 977, Apt. 173, 01-301, Wisła, Podlaskie, Poland
ul. Dąbek 4181, Apt. 959, 16-282, Poddębice, Świętokrzyskie, Poland
al. Molenda 092, Apt. 141, 07-611, Nowy Wiśnicz, Świętokrzyskie, Poland
ul. Rudzki 1611, Apt. 331, 85-374, Radziejów, Podkarpackie, Poland
al. Skibiński 82044, Apt. 754, 52-576, Głubczyce, Lubelskie, Poland
ul. Krajewski 16782, Apt. 297, 47-789, Dębica, Lubuskie, Poland
al. Balcerzak 65345, Apt. 080, 37-065, Głubczyce, Mazowieckie, Poland
al. Skrzypek 2066, Apt. 750, 87-059, Rabka-Zdrój, Małopolskie, Poland
al. Frączek 129, Apt. 309, 33-143, Zduńska Wola, Małopolskie, Poland
ul. Pająk 8302, Apt. 333, 48-669, Drawno, Mazowieckie, Poland
al. Jagiełło 69037, Apt. 097, 04-983, Bojanowo, Podkarpackie, Poland
ul. Kopczyński 72913, Apt. 268, 11-139, Szadek, Wielkopolskie, Poland
ul. Bednarski 64640, Suite 370, 23-721, Cieszyn, Śląskie, Poland
ul. Milewski 310, Apt. 393, 61-232, Krynica Morska, Wielkopolskie, Poland
al. Lisowski 80382, Suite 471, 77-502, Rajgród, Łódzkie, Poland
al. Sitek 529, Suite 681, 35-602, Mirsk, Łódzkie, Poland
al. Bagiński 416, Suite 220, 35-821, Świebodzice, Mazowieckie, Poland
ul. Jezierski 471, Apt. 384, 01-006, Połczyn-Zdrój, Łódzkie, Poland
ul. Kowalik 858, Apt. 212, 54-769, Poddębice, Warmińsko-mazurskie, Poland
al. Janusz 7650, Apt. 227, 07-956, Działdowo, Podkarpackie, Poland
ul. Adamus 737, Apt. 751, 34-946, Polanów, Podlaskie, Poland
al. Kowalczuk 0675, Suite 730, 23-019, Kisielice, Warmińsko-mazurskie, Poland
ul. Witczak 082, Suite 381, 07-676, Szczucin, Wielkopolskie, Poland
al. Gąsior 192, Apt. 786, 89-800, Trzebinia, Mazowieckie, Poland
ul. Kaczmarczyk 30755, Suite 348, 76-323, Pyzdry, Łódzkie, Poland
al. Mielczarek 274, Suite 695, 32-647, Olkusz, Śląskie, Poland
al. Zawada 01385, Apt. 338, 63-060, Radomyśl Wielki, Lubelskie, Poland
ul. Szewczyk 042, Apt. 757, 95-818, Tarnobrzeg, Śląskie, Poland
al. Fijałkowski 136, Apt. 540, 34-555, Stary Sącz, Opolskie, Poland
al. Kwiatkowski 170, Apt. 774, 68-402, Władysławowo, Wielkopolskie, Poland
ul. Zając 588, Suite 635, 07-412, Tomaszów Mazowiecki, Śląskie, Poland
ul. Stolarczyk 4273, Suite 046, 44-623, Mirsk, Lubuskie, Poland
al. Dubiel 052, Suite 325, 99-238, Braniewo, Warmińsko-mazurskie, Poland
al. Jakubowski 82435, Suite 875, 34-523, Lewin Brzeski, Zachodniopomorskie, Poland
al. Flak 816, Apt. 662, 74-461, Gogolin, Pomorskie, Poland
ul. Grochowski 946, Apt. 099, 10-039, Pruszków, Wielkopolskie, Poland
al. Barański 9596, Apt. 727, 92-923, Lubsko, Świętokrzyskie, Poland
ul. Sikorski 05640, Suite 175, 75-160, Gorzów Śląski, Dolnośląskie, Poland
ul. Kaźmierczak 6494, Apt. 308, 55-869, Maków Podhalański, Lubelskie, Poland
ul. Bielawski 4087, Suite 986, 29-733, Mirosławiec, Wielkopolskie, Poland
al. Dróżdż 2737, Suite 250, 43-819, Krobia, Zachodniopomorskie, Poland
ul. Sikorski 1184, Suite 935, 21-056, Kolbuszowa, Opolskie, Poland
ul. Karpiński 35174, Suite 754, 76-921, Tarnów, Śląskie, Poland
al. Bartczak 307, Suite 741, 02-456, Radzionków, Warmińsko-mazurskie, Poland
al. Grzegorczyk 78907, Suite 840, 87-425, Górzno, Łódzkie, Poland
ul. Koza 98857, Apt. 003, 99-188, Opatów, Wielkopolskie, Poland
ul. Gołąb 37704, Apt. 249, 27-284, Grójec, Lubuskie, Poland
al. Jarosz 534, Suite 684, 50-879, Toszek, Lubuskie, Poland
ul. Mielczarek 804, Apt. 356, 31-712, Kańczuga, Zachodniopomorskie, Poland
ul. Kisiel 20133, Apt. 270, 53-909, Janowiec Wielkopolski, Zachodniopomorskie, Poland
al. Osiński 76922, Apt. 543, 23-695, Polanica-Zdrój, Lubelskie, Poland
ul. Bukowski 69413, Apt. 533, 65-725, Kartuzy, Opolskie, Poland
ul. Modzelewski 0379, Suite 265, 44-341, Szczucin, Mazowieckie, Poland
ul. Kuś 438, Apt. 341, 86-252, Mińsk Mazowiecki, Warmińsko-mazurskie, Poland
al. Maj 74431, Suite 991, 82-707, Lubawa, Warmińsko-mazurskie, Poland
ul. Domański 59305, Suite 431, 39-014, Lewin Brzeski, Podkarpackie, Poland
ul. Surma 520, Suite 492, 96-784, Międzyzdroje, Opolskie, Poland
al. Maślanka 93582, Apt. 563, 46-915, Suchedniów, Lubelskie, Poland
al. Balcerzak 70422, Apt. 892, 27-588, Głuchołazy, Kujawsko-pomorskie, Poland
ul. Cichoń 94234, Suite 049, 94-344, Miłomłyn, Wielkopolskie, Poland
ul. Ratajczak 152, Apt. 273, 77-798, Piastów, Zachodniopomorskie, Poland
ul. Kmieć 262, Apt. 254, 26-013, Czerniejewo, Dolnośląskie, Poland
ul. Wiącek 390, Apt. 601, 17-941, Lublin, Małopolskie, Poland
ul. Bednarczyk 6104, Apt. 551, 86-663, Rydułtowy, Dolnośląskie, Poland
ul. Wilczyński 1574, Suite 813, 74-225, Hajnówka, Śląskie, Poland
al. Cichocki 8105, Apt. 055, 70-773, Poniec, Zachodniopomorskie, Poland
ul. Michałek 4922, Apt. 900, 57-712, Uniejów, Lubelskie, Poland
al. Pytel 74839, Apt. 225, 21-982, Darłowo, Opolskie, Poland
al. Niemiec 84860, Suite 279, 46-314, Warszawa, Mazowieckie, Poland
al. Kobus 65778, Apt. 023, 77-407, Brzeg Dolny, Dolnośląskie, Poland
al. Kubacki 708, Apt. 380, 25-687, Sieraków, Lubelskie, Poland
al. Kaźmierczak 41461, Suite 603, 39-019, Działdowo, Lubelskie, Poland
ul. Szymczak 409, Apt. 095, 35-858, Ujście, Świętokrzyskie, Poland
al. Jędrzejewski 20277, Apt. 068, 08-183, Pilawa, Małopolskie, Poland
al. Kamiński 258, Apt. 576, 46-880, Chełmża, Łódzkie, Poland
ul. Szatkowski 49372, Apt. 560, 71-617, Torzym, Lubuskie, Poland
al. Jaros 5019, Apt. 445, 09-311, Zambrów, Opolskie, Poland
al. Kaczor 06201, Suite 397, 63-227, Rydułtowy, Wielkopolskie, Poland
ul. Budzyński 68019, Suite 506, 73-319, Koziegłowy, Świętokrzyskie, Poland
ul. Chmura 621, Suite 017, 92-995, Ostrzeszów, Śląskie, Poland
al. Jurkiewicz 3485, Apt. 972, 36-490, Świdnik, Opolskie, Poland
al. Gwoździk 450, Apt. 896, 48-203, Strzegom, Wielkopolskie, Poland
ul. Olejniczak 040, Apt. 803, 73-431, Krasnystaw, Świętokrzyskie, Poland
ul. Furman 03225, Suite 683, 03-209, Korfantów, Lubelskie, Poland
al. Ślusarczyk 02654, Apt. 577, 28-432, Lewin Brzeski, Lubelskie, Poland
al. Różański 99179, Apt. 484, 74-159, Wyśmierzyce, Podkarpackie, Poland
al. Kozłowski 81237, Suite 257, 71-303, Legionowo, Opolskie, Poland
ul. Mikulski 514, Apt. 309, 42-599, Kudowa-Zdrój, Podkarpackie, Poland
ul. Bożek 336, Suite 232, 02-811, Krobia, Łódzkie, Poland
al. Wilk 1178, Apt. 858, 20-014, Czempiń, Świętokrzyskie, Poland
al. Drozd 63546, Suite 718, 96-059, Żarów, Małopolskie, Poland
ul. Ciesielski 185, Suite 614, 76-475, Bartoszyce, Łódzkie, Poland
al. Gruszczyński 0559, Suite 648, 99-268, Lubomierz, Wielkopolskie, Poland
ul. Stachura 3794, Apt. 864, 55-687, Głowno, Małopolskie, Poland
ul. Lesiak 658, Suite 572, 62-751, Piaski, Opolskie, Poland
ul. Majka 400, Apt. 302, 99-042, Pińczów, Świętokrzyskie, Poland
al. Kwaśniewski 8827, Apt. 679, 14-998, Szczebrzeszyn, Małopolskie, Poland
ul. Stępień 4784, Suite 532, 92-898, Sieradz, Wielkopolskie, Poland
ul. Ptak 38940, Apt. 232, 07-170, Stąporków, Lubuskie, Poland
al. Matuszewski 7341, Apt. 009, 88-013, Chojnów, Opolskie, Poland
al. Komorowski 9439, Apt. 206, 20-901, Bystrzyca Kłodzka, Lubelskie, Poland
ul. Kmiecik 59931, Apt. 667, 83-711, Pelplin, Pomorskie, Poland
ul. Łukasiewicz 3118, Suite 503, 71-354, Stalowa Wola, Świętokrzyskie, Poland
ul. Filipek 99775, Suite 817, 33-220, Jeziorany, Wielkopolskie, Poland
ul. Czechowski 85518, Apt. 815, 36-775, Supraśl, Łódzkie, Poland
al. Florczak 463, Apt. 984, 02-351, Józefów (powiat otwocki), Małopolskie, Poland
ul. Jóźwiak 1751, Suite 732, 24-250, Mława, Podkarpackie, Poland
ul. Tomczyk 96610, Apt. 407, 82-875, Pyzdry, Wielkopolskie, Poland
al. Bednarczyk 85585, Apt. 801, 96-029, Suchowola, Zachodniopomorskie, Poland
al. Grzegorczyk 131, Suite 179, 49-505, Dęblin, Małopolskie, Poland
ul. Kaźmierczak 674, Apt. 542, 07-566, Kamienna Góra, Wielkopolskie, Poland
al. Leśniewski 02204, Suite 711, 64-775, Sędziszów, Kujawsko-pomorskie, Poland
al. Węgrzyn 3241, Suite 976, 12-058, Chojnów, Śląskie, Poland
ul. Ratajczak 130, Apt. 018, 10-945, Pińczów, Opolskie, Poland
ul. Białkowski 995, Apt. 974, 98-984, Leśna, Kujawsko-pomorskie, Poland
al. Stelmach 101, Apt. 595, 35-545, Poręba, Warmińsko-mazurskie, Poland
al. Żmuda 798, Apt. 621, 79-770, Wschowa, Małopolskie, Poland
ul. Lipiński 63444, Suite 255, 99-799, Jaworzno, Małopolskie, Poland
al. Pawlicki 7693, Suite 162, 08-470, Czerniejewo, Warmińsko-mazurskie, Poland
al. Lewicki 78892, Suite 154, 05-704, Kuźnia Raciborska, Łódzkie, Poland
ul. Szeląg 6161, Suite 047, 19-777, Kołobrzeg, Pomorskie, Poland
al. Lach 53113, Suite 601, 89-569, Szamotuły, Śląskie, Poland
al. Lis 75467, Apt. 431, 75-635, Janikowo, Warmińsko-mazurskie, Poland
al. Kwieciński 15642, Suite 528, 65-019, Działoszyce, Łódzkie, Poland
ul. Baran 231, Suite 331, 47-451, Prabuty, Podkarpackie, Poland
al. Czerwiński 98300, Suite 887, 29-898, Ujście, Wielkopolskie, Poland
al. Szczepanik 26423, Suite 839, 70-629, Ożarów Mazowiecki, Lubelskie, Poland
ul. Kwaśniewski 06702, Suite 054, 57-429, Rymanów, Mazowieckie, Poland
ul. Wojciechowski 055, Apt. 195, 89-173, Zagórz, Małopolskie, Poland
al. Gołębiowski 6729, Apt. 917, 62-431, Pelplin, Opolskie, Poland
al. Nowacki 75941, Apt. 914, 95-312, Radków, Warmińsko-mazurskie, Poland
ul. Banasik 81206, Suite 185, 62-185, Pilawa, Zachodniopomorskie, Poland
al. Dębowski 6352, Suite 761, 77-995, Brzeg Dolny, Warmińsko-mazurskie, Poland
al. Sosnowski 505, Apt. 238, 35-138, Ruda Śląska, Dolnośląskie, Poland
ul. Górecki 0702, Suite 171, 62-248, Nowa Dęba, Warmińsko-mazurskie, Poland
ul. Krawczyk 44685, Apt. 642, 60-683, Sędziszów Małopolski, Małopolskie, Poland
al. Kubicki 888, Apt. 123, 48-155, Dzierżoniów, Pomorskie, Poland
ul. Bielawski 23436, Apt. 379, 31-885, Bystrzyca Kłodzka, Śląskie, Poland
ul. Kaźmierczak 39119, Apt. 909, 36-383, Włocławek, Świętokrzyskie, Poland
ul. Balcerzak 3777, Suite 008, 22-593, Grójec, Śląskie, Poland
ul. Ciszewski 18886, Suite 355, 58-013, Wągrowiec, Warmińsko-mazurskie, Poland
ul. Malec 408, Apt. 686, 57-477, Myszyniec, Małopolskie, Poland
ul. Lipka 514, Suite 475, 67-745, Pilawa, Mazowieckie, Poland
ul. Czyżewski 910, Suite 982, 83-893, Włoszczowa, Małopolskie, Poland
ul. Kawa 4066, Apt. 468, 75-402, Krosno Odrzańskie, Lubuskie, Poland
ul. Szymczak 29245, Apt. 998, 18-012, Okonek, Podlaskie, Poland
al. Pietrzyk 23126, Suite 375, 70-425, Brzostek, Lubuskie, Poland
al. Marcinkowski 482, Suite 902, 39-875, Biskupiec, Wielkopolskie, Poland
al. Lewicki 98738, Apt. 389, 92-256, Rogoźno, Kujawsko-pomorskie, Poland
al. Bukowski 30703, Apt. 894, 48-871, Ciężkowice, Pomorskie, Poland
al. Siedlecki 51374, Apt. 768, 64-618, Radomsko, Lubuskie, Poland
ul. Wysocki 6618, Apt. 850, 84-780, Cybinka, Pomorskie, Poland
ul. Borowski 509, Suite 477, 79-333, Korsze, Małopolskie, Poland
ul. Zajączkowski 450, Suite 336, 47-223, Strzelce Opolskie, Mazowieckie, Poland
ul. Domański 88148, Suite 358, 95-509, Szczecin, Mazowieckie, Poland
al. Szatkowski 6735, Apt. 523, 84-101, Przysucha, Świętokrzyskie, Poland
al. Kisiel 46352, Apt. 757, 79-045, Toruń, Mazowieckie, Poland
al. Romanowski 787, Suite 148, 84-864, Izbica Kujawska, Mazowieckie, Poland
al. Pawlikowski 78225, Apt. 063, 34-195, Brzeziny, Lubelskie, Poland
ul. Kucharski 3633, Apt. 956, 72-429, Suchedniów, Opolskie, Poland
al. Michałowski 87629, Suite 057, 06-485, Grójec, Łódzkie, Poland
ul. Urban 951, Suite 475, 12-291, Prabuty, Podkarpackie, Poland
al. Szwed 977, Suite 734, 53-097, Świnoujście, Lubelskie, Poland
al. Ciszewski 934, Apt. 283, 26-364, Dobre Miasto, Lubelskie, Poland
al. Rak 0817, Suite 575, 64-550, Trzcińsko-Zdrój, Lubuskie, Poland
ul. Królikowski 641, Apt. 074, 98-708, Mysłowice, Mazowieckie, Poland
al. Żebrowski 337, Suite 038, 74-392, Murowana Goślina, Lubuskie, Poland
al. Popławski 82765, Apt. 596, 15-490, Brzozów, Lubuskie, Poland
ul. Włodarski 557, Suite 926, 99-920, Kańczuga, Łódzkie, Poland
ul. Kozak 54859, Apt. 588, 35-182, Wschowa, Łódzkie, Poland
ul. Wesołowski 987, Suite 006, 14-681, Kargowa, Świętokrzyskie, Poland
ul. Bochenek 724, Suite 415, 61-953, Biecz, Mazowieckie, Poland
al. Gawron 139, Suite 080, 21-068, Nieszawa, Łódzkie, Poland
ul. Prus 2055, Suite 746, 41-952, Kowalewo Pomorskie, Dolnośląskie, Poland
al. Kuc 58613, Suite 946, 43-080, Skórcz, Warmińsko-mazurskie, Poland
ul. Stankiewicz 55592, Suite 705, 04-509, Cieszyn, Małopolskie, Poland
ul. Mrozek 1280, Suite 266, 26-063, Płoty, Dolnośląskie, Poland
al. Pietrzyk 86326, Suite 461, 26-391, Miłakowo, Mazowieckie, Poland
ul. Wawrzyniak 2410, Apt. 700, 72-011, Cybinka, Podlaskie, Poland
al. Ciszewski 1306, Suite 175, 70-541, Siewierz, Dolnośląskie, Poland
ul. Krzemiński 73237, Apt. 029, 97-369, Nowogród, Łódzkie, Poland
ul. Łapiński 19863, Apt. 144, 00-838, Boguszów-Gorce, Lubuskie, Poland
ul. Kania 8462, Apt. 783, 99-652, Krasnobród, Świętokrzyskie, Poland
ul. Guzik 53359, Apt. 680, 65-727, Będzin, Warmińsko-mazurskie, Poland
ul. Romanowski 3934, Apt. 720, 86-975, Świątniki Górne, Opolskie, Poland
ul. Jagodziński 871, Apt. 630, 50-943, Ciechocinek, Podkarpackie, Poland
al. Pałka 305, Apt. 042, 53-528, Kostrzyn nad Odrą, Świętokrzyskie, Poland
ul. Jastrzębski 0259, Apt. 059, 91-649, Świętochłowice, Opolskie, Poland
ul. Różycki 35665, Apt. 048, 06-269, Reda, Łódzkie, Poland
ul. Cybulski 540, Apt. 084, 74-361, Pilawa, Kujawsko-pomorskie, Poland
al. Mazurek 450, Suite 937, 77-087, Tarnów, Świętokrzyskie, Poland
ul. Borowski 8807, Apt. 680, 72-623, Trzebinia, Lubuskie, Poland
ul. Śliwa 4836, Suite 490, 54-086, Świdnik, Świętokrzyskie, Poland
al. Olejnik 981, Apt. 102, 43-452, Wałcz, Podkarpackie, Poland
al. Wesołowski 83347, Apt. 647, 98-806, Przedecz, Lubelskie, Poland
al. Maciejewski 8391, Suite 831, 95-966, Janikowo, Małopolskie, Poland
ul. Kłosowski 30642, Suite 463, 06-475, Bartoszyce, Dolnośląskie, Poland
ul. Duda 8753, Suite 756, 30-713, Borek Wielkopolski, Łódzkie, Poland
al. Mierzejewski 859, Apt. 580, 40-835, Olszyna, Opolskie, Poland
ul. Mikołajczak 63085, Suite 420, 39-001, Witkowo, Opolskie, Poland
ul. Majcher 35438, Suite 756, 43-593, Choszczno, Mazowieckie, Poland
al. Kiełbasa 866, Apt. 901, 62-450, Tyszowce, Dolnośląskie, Poland
ul. Żebrowski 10804, Apt. 560, 59-400, Miechów, Świętokrzyskie, Poland
ul. Wyszyński 729, Apt. 011, 24-923, Brzostek, Mazowieckie, Poland
al. Kępa 7413, Suite 990, 42-197, Bobolice, Podkarpackie, Poland
al. Śliwiński 3793, Suite 896, 59-712, Świdwin, Opolskie, Poland
al. Pluta 799, Suite 242, 38-359, Hrubieszów, Zachodniopomorskie, Poland
ul. Pietrzak 27051, Apt. 762, 87-716, Imielin, Wielkopolskie, Poland
ul. Bartczak 066, Apt. 474, 19-239, Szczucin, Lubuskie, Poland
ul. Szymkowiak 212, Suite 241, 82-133, Jelcz-Laskowice, Dolnośląskie, Poland
ul. Mazurkiewicz 618, Apt. 449, 69-541, Chełm, Lubelskie, Poland
al. Jabłoński 48390, Suite 405, 03-956, Głowno, Warmińsko-mazurskie, Poland
al. Janik 615, Suite 469, 33-674, Piotrków Kujawski, Podkarpackie, Poland
al. Górski 93853, Apt. 243, 94-484, Toszek, Podlaskie, Poland
al. Kaczyński 97147, Suite 731, 68-090, Wisła, Świętokrzyskie, Poland
al. Misztal 252, Apt. 456, 99-262, Kleszczele, Łódzkie, Poland
ul. Sowa 917, Apt. 453, 52-055, Zbąszyń, Świętokrzyskie, Poland
al. Skibiński 454, Suite 883, 57-066, Słomniki, Kujawsko-pomorskie, Poland
al. Ślusarczyk 0204, Apt. 882, 01-023, Bytów, Dolnośląskie, Poland
al. Stępień 5457, Suite 174, 56-787, Błonie, Lubelskie, Poland
al. Pająk 841, Apt. 458, 67-073, Tolkmicko, Dolnośląskie, Poland
ul. Rogowski 13735, Suite 187, 28-786, Pieniężno, Świętokrzyskie, Poland
ul. Rzepka 387, Suite 532, 41-847, Dobra (powiat łobeski), Podkarpackie, Poland
al. Lewicki 92674, Apt. 893, 09-860, Dębica, Śląskie, Poland
ul. Ratajczak 66822, Apt. 238, 90-958, Lipno, Podlaskie, Poland
al. Stefański 254, Apt. 683, 63-775, Elbląg, Lubuskie, Poland
al. Kujawski 76001, Suite 333, 88-513, Gąbin, Opolskie, Poland
al. Górniak 02295, Suite 512, 03-188, Sławno, Kujawsko-pomorskie, Poland
ul. Zaremba 68247, Suite 126, 57-330, Złotów, Lubelskie, Poland
al. Leśniewski 10478, Apt. 843, 86-817, Izbica Kujawska, Świętokrzyskie, Poland
ul. Niemiec 0757, Suite 977, 69-203, Hel, Podkarpackie, Poland
ul. Siwek 822, Apt. 717, 63-711, Sławków, Łódzkie, Poland
ul. Michałek 910, Apt. 834, 01-921, Chojnów, Podkarpackie, Poland
al. Gawroński 6943, Suite 014, 82-454, Chrzanów, Dolnośląskie, Poland
al. Zieliński 5931, Apt. 917, 25-446, Piła, Podkarpackie, Poland
ul. Góra 6890, Suite 361, 88-961, Leszno, Dolnośląskie, Poland
ul. Skalski 78467, Apt. 378, 41-961, Zawichost, Świętokrzyskie, Poland
ul. Kurek 350, Apt. 019, 98-061, Jaworzno, Wielkopolskie, Poland
al. Wasilewski 973, Apt. 444, 22-594, Kalisz, Lubuskie, Poland
al. Stanisławski 05939, Apt. 417, 12-247, Ożarów Mazowiecki, Warmińsko-mazurskie, Poland
al. Kaczmarski 95774, Suite 274, 83-912, Radziejów, Śląskie, Poland
ul. Siedlecki 85033, Apt. 016, 10-575, Dęblin, Warmińsko-mazurskie, Poland
al. Wesołowski 11028, Suite 483, 73-504, Jedlicze, Wielkopolskie, Poland
al. Graczyk 1044, Apt. 737, 67-587, Działoszyn, Dolnośląskie, Poland
al. Kaszuba 4119, Apt. 704, 96-678, Nowy Wiśnicz, Mazowieckie, Poland
ul. Smoliński 570, Suite 894, 84-808, Zelów, Kujawsko-pomorskie, Poland
al. Jagodziński 88511, Apt. 563, 29-967, Gryfów Śląski, Podkarpackie, Poland
al. Kapusta 320, Suite 428, 08-002, Goniądz, Dolnośląskie, Poland
ul. Woźniak 489, Apt. 794, 05-676, Olsztynek, Mazowieckie, Poland
al. Wójcicki 2386, Suite 828, 63-791, Jutrosin, Zachodniopomorskie, Poland
ul. Wiśniewski 600, Apt. 650, 79-574, Nowy Sącz, Mazowieckie, Poland
al. Pietrzak 9077, Apt. 862, 90-033, Chodzież, Opolskie, Poland
ul. Kulig 7388, Suite 945, 21-631, Tychowo, Podkarpackie, Poland
ul. Markiewicz 872, Apt. 812, 30-319, Ińsko, Lubelskie, Poland
ul. Żmuda 003, Apt. 344, 33-729, Lwówek, Świętokrzyskie, Poland
al. Pytel 9780, Apt. 478, 18-550, Pilica, Śląskie, Poland
al. Włodarczyk 8400, Apt. 708, 83-621, Brwinów, Lubuskie, Poland
ul. Sołtysiak 0648, Suite 456, 60-532, Toruń, Podlaskie, Poland
ul. Drzewiecki 832, Apt. 145, 27-491, Biłgoraj, Łódzkie, Poland
ul. Lipski 6313, Apt. 195, 46-390, Rydzyna, Kujawsko-pomorskie, Poland
ul. Szczęsny 066, Suite 705, 22-764, Gąbin, Małopolskie, Poland
al. Frączek 64991, Suite 620, 08-818, Szamotuły, Świętokrzyskie, Poland
al. Tokarski 4468, Suite 108, 43-809, Kowal, Kujawsko-pomorskie, Poland
al. Żyła 20955, Apt. 436, 88-281, Izbica Kujawska, Śląskie, Poland
ul. Mackiewicz 78958, Apt. 630, 62-533, Ustroń, Wielkopolskie, Poland
al. Kawecki 5320, Suite 474, 15-392, Andrychów, Mazowieckie, Poland
ul. Bieniek 23846, Suite 009, 93-311, Sochaczew, Lubuskie, Poland
al. Janowski 006, Suite 735, 05-001, Wolbrom, Dolnośląskie, Poland
ul. Jastrzębski 8013, Suite 326, 28-998, Mikstat, Małopolskie, Poland
al. Kostecki 798, Apt. 022, 49-874, Głuszyca, Podkarpackie, Poland
al. Zakrzewski 77489, Suite 612, 33-114, Darłowo, Łódzkie, Poland
ul. Walczak 130, Apt. 833, 84-746, Gostynin, Warmińsko-mazurskie, Poland
ul. Maciąg 172, Apt. 111, 04-335, Tarnowskie Góry, Zachodniopomorskie, Poland
al. Sowiński 13073, Apt. 113, 97-286, Czeladź, Lubelskie, Poland
ul. Cholewa 06641, Apt. 032, 05-980, Drawsko Pomorskie, Lubuskie, Poland
al. Kubica 81777, Suite 333, 45-373, Szlichtyngowa, Lubelskie, Poland
ul. Mrozek 4927, Apt. 822, 37-501, Ozimek, Lubuskie, Poland
ul. Matuszak 75714, Suite 197, 80-793, Tarnobrzeg, Wielkopolskie, Poland
ul. Andrzejewski 30649, Suite 206, 40-155, Zabłudów, Małopolskie, Poland
ul. Kubik 64772, Suite 206, 31-100, Chocianów, Łódzkie, Poland
al. Bielak 68317, Suite 063, 38-896, Czerniejewo, Pomorskie, Poland
al. Muszyński 437, Suite 322, 18-021, Murowana Goślina, Podlaskie, Poland
ul. Grzesik 1550, Suite 213, 19-985, Radomsko, Wielkopolskie, Poland
ul. Kosowski 379, Apt. 989, 28-795, Wyrzysk, Łódzkie, Poland
al. Górka 73765, Suite 533, 94-836, Krajenka, Kujawsko-pomorskie, Poland
ul. Dobrzyński 9621, Suite 254, 67-152, Kraśnik, Mazowieckie, Poland
al. Paluch 038, Suite 089, 07-456, Odolanów, Łódzkie, Poland
ul. Białkowski 4887, Apt. 860, 87-560, Nowogród, Małopolskie, Poland
ul. Jurkowski 78794, Suite 466, 19-324, Grabów nad Prosną, Kujawsko-pomorskie, Poland
ul. Słowik 4476, Apt. 072, 08-504, Oława, Opolskie, Poland
al. Pietras 236, Suite 967, 68-782, Dzierżoniów, Mazowieckie, Poland
ul. Maciejewski 81599, Suite 091, 26-218, Krotoszyn, Kujawsko-pomorskie, Poland
al. Gaweł 2448, Apt. 227, 59-122, Młynary, Podlaskie, Poland
al. Białkowski 6615, Apt. 769, 15-956, Przeworsk, Pomorskie, Poland
ul. Kruk 636, Suite 739, 58-062, Krynica Morska, Lubelskie, Poland
al. Kurek 068, Apt. 028, 65-486, Wałcz, Opolskie, Poland
ul. Świątek 8770, Suite 224, 73-911, Białystok, Wielkopolskie, Poland
al. Biernacki 233, Suite 741, 11-084, Jarosław, Kujawsko-pomorskie, Poland
al. Kwiatkowski 12943, Suite 048, 09-848, Pyskowice, Podlaskie, Poland
ul. Podgórski 3672, Suite 777, 55-136, Koło, Lubelskie, Poland
ul. Piotrowski 9792, Apt. 174, 06-255, Radziejów, Opolskie, Poland
al. Popławski 5741, Apt. 893, 16-068, Jedlina-Zdrój, Opolskie, Poland
ul. Adamczyk 94605, Suite 773, 34-008, Radomsko, Małopolskie, Poland
ul. Mucha 350, Suite 063, 53-861, Radymno, Świętokrzyskie, Poland
al. Gaweł 9325, Suite 198, 82-525, Gozdnica, Podlaskie, Poland
al. Dobrowolski 985, Apt. 193, 44-680, Koprzywnica, Wielkopolskie, Poland
ul. Czarnecki 395, Apt. 024, 86-942, Tuszyn, Małopolskie, Poland
ul. Wojtczak 682, Suite 299, 15-486, Warta, Śląskie, Poland
al. Nowakowski 80260, Suite 890, 76-825, Kęty, Wielkopolskie, Poland
al. Czaja 13318, Apt. 302, 08-532, Frampol, Wielkopolskie, Poland
al. Maślanka 746, Suite 409, 62-308, Sławków, Świętokrzyskie, Poland
ul. Jastrzębski 8731, Suite 632, 42-345, Oświęcim, Zachodniopomorskie, Poland
al. Kmieć 7417, Suite 682, 04-545, Poddębice, Lubelskie, Poland
al. Stankiewicz 1630, Apt. 840, 80-737, Zator, Mazowieckie, Poland
al. Popławski 8498, Apt. 459, 48-177, Lubliniec, Lubuskie, Poland
ul. Stachura 85958, Apt. 635, 13-454, Szlichtyngowa, Dolnośląskie, Poland
ul. Wolak 73171, Suite 260, 32-349, Kąty Wrocławskie, Zachodniopomorskie, Poland
al. Kurek 587, Suite 578, 19-169, Wyśmierzyce, Dolnośląskie, Poland
ul. Korzeniowski 73849, Suite 182, 49-939, Drawno, Warmińsko-mazurskie, Poland
ul. Jagiełło 8858, Suite 578, 98-217, Wągrowiec, Podkarpackie, Poland
ul. Młynarczyk 336, Apt. 902, 92-777, Gąbin, Dolnośląskie, Poland
ul. Kozak 280, Suite 907, 94-794, Skoki, Lubuskie, Poland
al. Dudziak 665, Suite 199, 55-339, Brzostek, Warmińsko-mazurskie, Poland
al. Kowalczyk 490, Suite 860, 00-118, Gryfice, Świętokrzyskie, Poland
al. Gwóźdź 02223, Apt. 418, 35-955, Zator, Pomorskie, Poland
al. Filipowicz 85787, Apt. 147, 20-791, Łaszczów, Lubuskie, Poland
al. Malec 2818, Apt. 685, 04-356, Głogówek, Małopolskie, Poland
al. Jurkiewicz 54643, Suite 155, 82-150, Nowe Brzesko, Podlaskie, Poland
ul. Andrzejewski 865, Suite 387, 88-033, Węgorzyno, Mazowieckie, Poland
al. Flak 9623, Suite 436, 73-094, Ostrzeszów, Lubuskie, Poland
ul. Makowski 4062, Apt. 486, 25-618, Kołaczyce, Lubelskie, Poland
al. Gruszczyński 6907, Apt. 624, 41-113, Odolanów, Opolskie, Poland
ul. Pawłowski 48462, Suite 296, 69-772, Grabów nad Prosną, Pomorskie, Poland
ul. Pilarski 021, Suite 286, 41-860, Wyrzysk, Kujawsko-pomorskie, Poland
al. Witkowski 3861, Apt. 167, 54-826, Złoczew, Wielkopolskie, Poland
al. Filipowicz 438, Suite 875, 05-206, Dobrzyń nad Wisłą, Wielkopolskie, Poland
al. Stolarski 4736, Apt. 155, 49-801, Czeladź, Łódzkie, Poland
al. Gołębiowski 426, Apt. 630, 46-507, Konstantynów Łódzki, Małopolskie, Poland
ul. Czyżewski 2733, Suite 881, 46-857, Międzyzdroje, Zachodniopomorskie, Poland
al. Pietrzak 4444, Apt. 777, 60-046, Bieżuń, Lubelskie, Poland
al. Górecki 58723, Suite 712, 44-316, Katowice, Kujawsko-pomorskie, Poland
ul. Rogalski 434, Apt. 807, 65-169, Dzierżoniów, Kujawsko-pomorskie, Poland
al. Robak 0650, Suite 291, 64-463, Kolonowskie, Mazowieckie, Poland
ul. Urban 37286, Suite 135, 13-461, Świecie, Opolskie, Poland
ul. Jóźwik 169, Suite 478, 12-389, Połaniec, Opolskie, Poland
ul. Mucha 22494, Suite 533, 41-210, Konin, Opolskie, Poland
al. Szymkowiak 7046, Apt. 830, 13-569, Szczytno, Pomorskie, Poland
al. Stachowicz 91997, Apt. 424, 37-872, Biała, Śląskie, Poland
al. Więcek 56968, Suite 207, 20-398, Grudziądz, Małopolskie, Poland
ul. Jakubiak 7306, Suite 275, 49-058, Bojanowo, Łódzkie, Poland
al. Pilch 414, Suite 674, 69-565, Solec Kujawski, Łódzkie, Poland
ul. Miller 74202, Apt. 007, 53-909, Dolsk, Podlaskie, Poland
al. Kolasa 597, Apt. 436, 63-572, Rajgród, Lubelskie, Poland
ul. Grochowski 951, Apt. 066, 15-926, Koronowo, Podlaskie, Poland
ul. Leśniak 440, Suite 651, 79-269, Lidzbark Warmiński, Podlaskie, Poland
ul. Musiał 6136, Apt. 186, 18-788, Chełmek, Lubuskie, Poland
ul. Woliński 86622, Apt. 449, 78-362, Górzno, Małopolskie, Poland
ul. Krawiec 53333, Suite 320, 62-547, Tychowo, Lubelskie, Poland
al. Kowalewski 8968, Suite 000, 07-871, Witkowo, Małopolskie, Poland
al. Kruk 38913, Suite 358, 02-053, Narol, Opolskie, Poland
al. Czechowski 5430, Suite 947, 96-965, Góra, Małopolskie, Poland
al. Gwoździk 042, Apt. 305, 05-523, Jarosław, Łódzkie, Poland
ul. Zdunek 09289, Apt. 506, 55-112, Trzcińsko-Zdrój, Wielkopolskie, Poland
ul. Wójtowicz 475, Suite 152, 08-291, Konstantynów Łódzki, Opolskie, Poland
al. Dec 234, Apt. 201, 01-874, Strzelce Opolskie, Podlaskie, Poland
ul. Przybyła 81892, Suite 828, 60-490, Góra, Podlaskie, Poland
al. Maciejewski 3132, Apt. 320, 99-989, Niemodlin, Wielkopolskie, Poland
al. Tracz 43998, Suite 723, 63-104, Tychy, Pomorskie, Poland
ul. Stec 20646, Apt. 700, 13-770, Skępe, Lubuskie, Poland
ul. Malicki 0439, Suite 287, 88-197, Lębork, Opolskie, Poland
ul. Misztal 69970, Apt. 066, 61-663, Opole Lubelskie, Małopolskie, Poland
al. Ptak 17418, Suite 424, 60-623, Nowe Miasto Lubawskie, Łódzkie, Poland
ul. Twardowski 617, Apt. 116, 27-537, Golina, Dolnośląskie, Poland
ul. Żak 89539, Apt. 234, 63-371, Miłakowo, Dolnośląskie, Poland
al. Miklaś 8202, Apt. 326, 57-171, Miejska Górka, Łódzkie, Poland
ul. Malinowski 729, Suite 282, 30-637, Kartuzy, Świętokrzyskie, Poland
ul. Izdebski 82570, Apt. 408, 96-897, Lubień Kujawski, Warmińsko-mazurskie, Poland
ul. Kołodziejski 611, Apt. 262, 16-000, Świdnik, Małopolskie, Poland
ul. Szyszka 495, Suite 642, 92-449, Skierniewice, Lubelskie, Poland
al. Szymkowiak 6070, Suite 120, 77-016, Grudziądz, Zachodniopomorskie, Poland
ul. Dubiel 30142, Apt. 064, 16-518, Golczewo, Kujawsko-pomorskie, Poland
ul. Chmura 87128, Apt. 995, 80-130, Boguchwała, Mazowieckie, Poland
al. Mika 05844, Suite 070, 68-974, Gdynia, Opolskie, Poland
ul. Kulig 831, Suite 163, 41-443, Sędziszów, Wielkopolskie, Poland
al. Kołodziej 4886, Suite 779, 23-384, Szczecinek, Łódzkie, Poland
ul. Baran 442, Apt. 594, 46-149, Puszczykowo, Wielkopolskie, Poland
al. Adamus 82307, Suite 649, 91-174, Szydłowiec, Dolnośląskie, Poland
ul. Kaniewski 178, Suite 943, 51-415, Polkowice, Świętokrzyskie, Poland
ul. Cygan 3581, Suite 089, 85-939, Rakoniewice, Lubelskie, Poland
al. Janicki 67739, Suite 726, 99-609, Ustrzyki Dolne, Pomorskie, Poland
al. Jurkowski 60359, Apt. 265, 29-344, Sępólno Krajeńskie, Kujawsko-pomorskie, Poland
al. Krupa 917, Apt. 691, 44-087, Nieszawa, Świętokrzyskie, Poland
ul. Skowroński 14047, Apt. 907, 30-678, Skępe, Śląskie, Poland
al. Krysiak 7578, Suite 728, 82-071, Szubin, Podkarpackie, Poland
al. Twardowski 3375, Suite 482, 52-507, Golub-Dobrzyń, Lubuskie, Poland
al. Stanek 586, Suite 714, 18-374, Sanok, Świętokrzyskie, Poland
ul. Gadomski 947, Apt. 986, 72-531, Otwock, Łódzkie, Poland
al. Czerwiński 532, Suite 888, 13-267, Dobra (powiat łobeski), Małopolskie, Poland
al. Słowiński 3563, Apt. 565, 36-995, Gołańcz, Kujawsko-pomorskie, Poland
ul. Kawecki 6177, Apt. 466, 74-463, Płoty, Zachodniopomorskie, Poland
al. Kuchta 13268, Apt. 416, 16-737, Lubsko, Lubuskie, Poland
ul. Biernat 81052, Apt. 626, 72-885, Ciechanowiec, Pomorskie, Poland
al. Rosiński 694, Suite 181, 18-686, Chrzanów, Zachodniopomorskie, Poland
al. Skowroński 6956, Suite 062, 50-085, Sępopol, Pomorskie, Poland
ul. Lipski 1799, Apt. 698, 00-231, Nowy Staw, Podkarpackie, Poland
al. Mróz 670, Suite 386, 86-025, Karczew, Warmińsko-mazurskie, Poland
ul. Pytel 9013, Apt. 796, 17-559, Brzeszcze, Lubuskie, Poland
al. Rosiak 727, Suite 011, 31-169, Chełmno, Dolnośląskie, Poland
ul. Gutowski 14062, Apt. 095, 40-784, Grodzisk Mazowiecki, Opolskie, Poland
al. Leśniewski 97603, Apt. 246, 20-429, Mińsk Mazowiecki, Wielkopolskie, Poland
al. Piekarski 10626, Apt. 098, 30-854, Jutrosin, Wielkopolskie, Poland
al. Ziółkowski 265, Apt. 451, 12-748, Gościno, Pomorskie, Poland
ul. Gil 0863, Suite 418, 11-938, Gołdap, Warmińsko-mazurskie, Poland
al. Szczęsny 54076, Apt. 651, 31-068, Kamień Krajeński, Kujawsko-pomorskie, Poland
ul. Głąb 138, Suite 669, 36-189, Świebodzin, Podkarpackie, Poland
ul. Żurek 108, Suite 979, 95-789, Ziębice, Świętokrzyskie, Poland
al. Gajewski 691, Suite 637, 87-381, Człopa, Łódzkie, Poland
ul. Cieśla 66456, Suite 896, 71-786, Ćmielów, Lubuskie, Poland
al. Motyka 942, Apt. 031, 97-595, Kolno, Kujawsko-pomorskie, Poland
al. Radomski 8081, Suite 154, 11-910, Andrychów, Świętokrzyskie, Poland
ul. Ciesielski 945, Apt. 372, 93-276, Raciąż, Zachodniopomorskie, Poland
ul. Rzepka 2701, Suite 111, 29-625, Borek Wielkopolski, Zachodniopomorskie, Poland
al. Godlewski 895, Suite 790, 64-171, Rajgród, Wielkopolskie, Poland
al. Socha 9343, Apt. 795, 34-397, Płock, Łódzkie, Poland
al. Kuchta 52801, Apt. 765, 07-711, Lubliniec, Mazowieckie, Poland
al. Piłat 886, Apt. 442, 85-215, Świebodzin, Mazowieckie, Poland
al. Nowak 39477, Apt. 199, 11-653, Olesno, Mazowieckie, Poland
al. Konopka 06080, Suite 616, 77-583, Kamieńsk, Lubuskie, Poland
ul. Czekaj 14844, Apt. 471, 64-582, Oława, Wielkopolskie, Poland
ul. Szczepanik 026, Apt. 980, 74-609, Czarne, Podkarpackie, Poland
al. Gołębiewski 1063, Suite 279, 80-621, Bodzentyn, Opolskie, Poland
al. Kucharski 9818, Apt. 667, 53-679, Osieczna, Podlaskie, Poland
al. Lisowski 0750, Suite 191, 28-616, Łasin, Zachodniopomorskie, Poland
al. Tkaczyk 1158, Suite 624, 35-169, Płock, Małopolskie, Poland
al. Ossowski 3783, Suite 595, 18-343, Police, Świętokrzyskie, Poland
ul. Lis 267, Suite 217, 92-613, Reda, Małopolskie, Poland
ul. Borkowski 01862, Apt. 840, 35-592, Kalwaria Zebrzydowska, Pomorskie, Poland
ul. Głąb 97041, Suite 322, 41-322, Bieżuń, Kujawsko-pomorskie, Poland
al. Olejniczak 9700, Apt. 247, 97-465, Myślenice, Zachodniopomorskie, Poland
ul. Paczkowski 00648, Apt. 726, 16-455, Kielce, Zachodniopomorskie, Poland
ul. Frankowski 80862, Apt. 081, 99-492, Węgrów, Kujawsko-pomorskie, Poland
ul. Musiał 967, Suite 699, 60-499, Ośno Lubuskie, Zachodniopomorskie, Poland
al. Wąsowski 29988, Suite 714, 35-186, Koło, Małopolskie, Poland
al. Miller 336, Suite 726, 78-695, Pruszcz Gdański, Lubuskie, Poland
al. Wolski 36209, Apt. 841, 69-564, Tuchów, Śląskie, Poland
al. Wojtczak 73761, Apt. 498, 29-082, Czerwieńsk, Podkarpackie, Poland
al. Janiak 282, Apt. 609, 29-837, Pogorzela, Warmińsko-mazurskie, Poland
al. Dębski 3403, Apt. 068, 63-755, Katowice, Kujawsko-pomorskie, Poland
ul. Bujak 717, Apt. 998, 23-002, Radłów, Mazowieckie, Poland
ul. Ruciński 808, Suite 368, 69-236, Wyszogród, Dolnośląskie, Poland
al. Chojnowski 197, Apt. 538, 66-529, Pieńsk, Kujawsko-pomorskie, Poland
ul. Pietras 78331, Suite 912, 56-760, Kożuchów, Kujawsko-pomorskie, Poland
ul. Banasiak 0513, Suite 521, 49-194, Skarżysko-Kamienna, Świętokrzyskie, Poland
al. Gałązka 32775, Apt. 941, 60-241, Kęty, Opolskie, Poland
ul. Wilczek 612, Apt. 198, 01-095, Chojnów, Śląskie, Poland
ul. Świątek 10833, Apt. 503, 59-495, Łomianki, Dolnośląskie, Poland
al. Popławski 7353, Suite 562, 36-753, Kleczew, Świętokrzyskie, Poland
ul. Skrzypczak 9956, Suite 789, 91-738, Dzierżoniów, Zachodniopomorskie, Poland
ul. Chmielewski 82868, Suite 260, 55-378, Gostynin, Małopolskie, Poland
al. Gadomski 167, Apt. 131, 38-159, Gorlice, Lubelskie, Poland
ul. Wójtowicz 8357, Suite 285, 22-507, Brzeg, Świętokrzyskie, Poland
al. Andrzejewski 873, Suite 480, 12-702, Koprzywnica, Warmińsko-mazurskie, Poland
ul. Trojanowski 8611, Apt. 130, 55-176, Koźmin Wielkopolski, Łódzkie, Poland
al. Piwowarczyk 665, Apt. 407, 76-179, Ropczyce, Lubelskie, Poland
al. Stasiak 134, Apt. 846, 40-127, Mordy, Łódzkie, Poland
al. Gawron 30363, Suite 129, 78-490, Będzin, Warmińsko-mazurskie, Poland
al. Skowron 28680, Suite 395, 41-614, Czarna Białostocka, Łódzkie, Poland
al. Janusz 41723, Suite 981, 99-440, Środa Wielkopolska, Dolnośląskie, Poland
al. Sobczak 472, Suite 872, 43-770, Kargowa, Łódzkie, Poland
ul. Kamiński 7865, Suite 971, 01-410, Brok, Pomorskie, Poland
ul. Adamski 6303, Suite 719, 39-767, Tarnów, Lubuskie, Poland
al. Ratajczak 73889, Apt. 162, 65-284, Ruciane-Nida, Zachodniopomorskie, Poland
al. Polak 142, Suite 720, 31-564, Kalety, Lubuskie, Poland
al. Świderski 3693, Apt. 418, 36-495, Twardogóra, Lubuskie, Poland
ul. Wróbel 14391, Suite 144, 49-707, Bychawa, Świętokrzyskie, Poland
ul. Kołodziej 70134, Suite 091, 84-872, Szczuczyn, Świętokrzyskie, Poland
ul. Adamczyk 59038, Apt. 191, 79-154, Rzeszów, Warmińsko-mazurskie, Poland
ul. Lasota 40573, Suite 974, 05-283, Drawsko Pomorskie, Podlaskie, Poland
ul. Gołąb 38465, Apt. 034, 59-011, Błaszki, Lubuskie, Poland
al. Lis 0476, Apt. 541, 42-177, Ząbki, Lubuskie, Poland
ul. Kulig 8055, Suite 855, 66-579, Kluczbork, Małopolskie, Poland
al. Pakuła 36045, Suite 583, 24-363, Kamień Krajeński, Podkarpackie, Poland
al. Wierzbicki 2509, Apt. 193, 20-649, Przedecz, Lubelskie, Poland
al. Pietrzyk 6542, Apt. 298, 92-808, Gorlice, Lubelskie, Poland
ul. Trojanowski 316, Suite 041, 99-969, Brzesko, Wielkopolskie, Poland
al. Wrona 41461, Apt. 924, 69-383, Karczew, Opolskie, Poland
al. Wieczorek 94922, Suite 165, 59-952, Zwoleń, Małopolskie, Poland
ul. Stachowicz 37412, Suite 875, 50-903, Proszowice, Podlaskie, Poland
ul. Zajączkowski 129, Suite 496, 09-587, Rajgród, Kujawsko-pomorskie, Poland
al. Płonka 05972, Apt. 162, 73-035, Strumień, Świętokrzyskie, Poland
al. Andrzejewski 08431, Apt. 815, 47-140, Tarnów, Wielkopolskie, Poland
al. Chojnacki 344, Suite 585, 29-444, Witkowo, Dolnośląskie, Poland
ul. Chojnacki 70094, Apt. 226, 37-465, Gąbin, Pomorskie, Poland
al. Ziętek 71143, Apt. 879, 22-607, Zawidów, Opolskie, Poland
ul. Żmuda 397, Apt. 706, 34-515, Skała, Wielkopolskie, Poland
ul. Czechowski 99623, Apt. 246, 24-956, Bochnia, Warmińsko-mazurskie, Poland
al. Kosowski 96823, Suite 550, 19-210, Zakopane, Łódzkie, Poland
al. Marzec 50760, Suite 121, 02-709, Mordy, Dolnośląskie, Poland
ul. Kwiatkowski 5638, Suite 116, 49-234, Leśnica, Łódzkie, Poland
al. Krawczyk 846, Suite 666, 78-112, Tyszowce, Opolskie, Poland
ul. Lipiński 589, Suite 241, 98-176, Złoczew, Wielkopolskie, Poland
ul. Góral 627, Apt. 450, 45-605, Śrem, Opolskie, Poland
ul. Sobieraj 74486, Apt. 209, 94-776, Hel, Opolskie, Poland
al. Wojciechowski 4177, Apt. 232, 78-938, Ciechanów, Małopolskie, Poland
ul. Bieńkowski 20336, Suite 268, 12-618, Jelenia Góra, Dolnośląskie, Poland
al. Rusin 956, Apt. 484, 25-423, Mysłowice, Śląskie, Poland
al. Czapla 9270, Suite 118, 67-530, Ostrów Wielkopolski, Kujawsko-pomorskie, Poland
ul. Stolarski 21629, Apt. 064, 22-740, Łazy, Wielkopolskie, Poland
al. Kwiecień 484, Suite 340, 35-690, Janikowo, Świętokrzyskie, Poland
al. Rybak 451, Apt. 078, 34-825, Szubin, Łódzkie, Poland
ul. Urbańczyk 3815, Suite 396, 62-816, Trzebinia, Kujawsko-pomorskie, Poland
ul. Lewicki 12297, Apt. 439, 00-908, Poddębice, Dolnośląskie, Poland
ul. Falkowski 451, Apt. 869, 95-490, Przemyśl, Śląskie, Poland
ul. Marek 186, Apt. 313, 45-295, Zabłudów, Łódzkie, Poland
al. Orzechowski 228, Suite 026, 15-475, Szklarska Poręba, Lubelskie, Poland
ul. Trzciński 26449, Suite 264, 66-288, Konstancin-Jeziorna, Zachodniopomorskie, Poland
al. Cebula 982, Apt. 893, 74-574, Tykocin, Podlaskie, Poland
al. Dziedzic 7631, Suite 759, 30-801, Kamienna Góra, Podlaskie, Poland
al. Paczkowski 08572, Suite 001, 90-784, Biecz, Zachodniopomorskie, Poland
al. Jezierski 3307, Suite 178, 40-047, Książ Wielkopolski, Łódzkie, Poland
al. Bąk 7135, Suite 562, 66-681, Lubomierz, Łódzkie, Poland
ul. Zagórski 3365, Suite 350, 93-957, Piaski, Zachodniopomorskie, Poland
al. Wąsik 8218, Apt. 146, 90-247, Recz, Podlaskie, Poland
al. Bagiński 992, Apt. 519, 68-893, Gołańcz, Warmińsko-mazurskie, Poland
al. Masłowski 62304, Suite 342, 41-829, Oświęcim, Warmińsko-mazurskie, Poland
al. Rosa 012, Apt. 050, 94-679, Zawadzkie, Wielkopolskie, Poland
al. Kawa 35412, Apt. 814, 21-865, Pelplin, Podlaskie, Poland
al. Czajka 004, Apt. 047, 69-225, Tykocin, Mazowieckie, Poland
ul. Suski 4876, Suite 888, 88-082, Miłakowo, Podkarpackie, Poland
al. Karpiński 5624, Apt. 264, 66-280, Iława, Mazowieckie, Poland
ul. Świerczyński 4258, Apt. 687, 44-493, Radków, Łódzkie, Poland
al. Konieczny 17673, Suite 740, 29-599, Środa Wielkopolska, Zachodniopomorskie, Poland
ul. Kaczmarek 97708, Suite 926, 39-685, Górowo Iławeckie, Mazowieckie, Poland
al. Ossowski 014, Suite 553, 51-146, Świecie, Lubelskie, Poland
al. Chmielewski 70947, Apt. 846, 27-935, Pobiedziska, Dolnośląskie, Poland
ul. Radomski 94448, Apt. 182, 49-435, Gąbin, Zachodniopomorskie, Poland
al. Stolarczyk 063, Apt. 192, 80-679, Giżycko, Dolnośląskie, Poland
ul. Kula 9759, Apt. 278, 27-029, Lubin, Małopolskie, Poland
al. Świderski 01965, Apt. 292, 61-081, Lublin, Śląskie, Poland
ul. Jaros 27598, Apt. 086, 82-014, Chęciny, Lubelskie, Poland
ul. Kasprzak 3270, Apt. 814, 46-755, Kcynia, Warmińsko-mazurskie, Poland
al. Cieślak 51620, Suite 895, 01-950, Gąbin, Kujawsko-pomorskie, Poland
ul. Kujawa 7590, Suite 066, 48-742, Gniew, Łódzkie, Poland
al. Majcher 23469, Suite 928, 06-373, Krzywiń, Lubelskie, Poland
al. Góral 5549, Suite 917, 90-573, Skierniewice, Lubuskie, Poland
al. Majewski 508, Suite 627, 91-900, Grodzisk Mazowiecki, Podlaskie, Poland
al. Żak 36120, Apt. 409, 29-354, Myszyniec, Opolskie, Poland
al. Michałowski 675, Suite 998, 63-369, Kowalewo Pomorskie, Kujawsko-pomorskie, Poland
al. Raczyński 961, Suite 327, 59-017, Janikowo, Wielkopolskie, Poland
al. Bartosik 35083, Suite 738, 29-670, Międzybórz, Mazowieckie, Poland
al. Antczak 89725, Apt. 284, 40-393, Opatów, Lubuskie, Poland
ul. Stolarczyk 5183, Apt. 872, 13-795, Stronie Śląskie, Warmińsko-mazurskie, Poland
al. Maciąg 914, Suite 412, 12-946, Wilamowice, Śląskie, Poland
ul. Borowiec 52817, Suite 308, 02-069, Dukla, Zachodniopomorskie, Poland
al. Białek 51012, Suite 449, 61-739, Kock, Zachodniopomorskie, Poland
al. Kołakowski 08460, Suite 124, 04-167, Pabianice, Pomorskie, Poland